gene_id	SRR518892
Q0010	0.0
Q0017	0.0
Q0032	0.0
Q0045	0.0
Q0050	18.0
Q0055	0.0
Q0060	0.0
Q0065	0.0
Q0070	0.0
Q0075	0.0
Q0080	0.0
Q0085	0.0
Q0092	0.0
Q0105	0.0
Q0110	0.0
Q0115	0.0
Q0120	0.0
Q0130	0.0
Q0140	0.0
Q0142	0.0
Q0143	0.0
Q0144	0.0
Q0160	0.0
Q0182	0.0
Q0250	0.0
Q0255	0.0
Q0275	0.0
Q0297	0.0
YAL001C	0.0
YAL002W	3.0
YAL003W	315.0
YAL004W	35.45
YAL005C	10.17
YAL007C	40.0
YAL008W	20.0
YAL009W	1.0
YAL010C	0.0
YAL011W	6.0
YAL012W	59.0
YAL013W	16.0
YAL014C	38.0
YAL015C	11.0
YAL016C-A	16.0
YAL016C-B	4.0
YAL016W	14.0
YAL017W	1.0
YAL018C	0.0
YAL019W	3.0
YAL019W-A	6.034
YAL020C	14.966
YAL021C	3.0
YAL022C	10.0
YAL023C	8.0
YAL024C	0.0
YAL025C	13.0
YAL026C	5.0
YAL026C-A	0.0
YAL027W	0.0
YAL028W	6.0
YAL029C	4.0
YAL030W	6.0
YAL031C	0.0
YAL031W-A	0.0
YAL032C	3.0
YAL033W	13.0
YAL034C	0.0
YAL034C-B	3.0
YAL034W-A	0.0
YAL035W	361.0
YAL036C	23.0
YAL037C-A	0.0
YAL037C-B	3.191
YAL037W	1.0
YAL038W	419.809
YAL039C	2.0
YAL040C	7.0
YAL041W	3.0
YAL042C-A	90.982
YAL042W	12.018
YAL043C	5.0
YAL044C	66.0
YAL044W-A	8.156
YAL045C	163.844
YAL046C	28.0
YAL047C	1.0
YAL047W-A	0.0
YAL048C	3.0
YAL049C	11.0
YAL051W	2.0
YAL053W	2.0
YAL054C	3.0
YAL055W	1.0
YAL056C-A	0.0
YAL056W	9.0
YAL058W	2.0
YAL059C-A	43.722
YAL059W	1.278
YAL060W	20.0
YAL061W	1.0
YAL062W	9.0
YAL063C	5.0
YAL063C-A	0.0
YAL064C-A	0.0
YAL064W	0.0
YAL064W-B	0.0
YAL065C	0.0
YAL066W	0.0
YAL067C	0.0
YAL067W-A	0.0
YAL068C	0.0
YAL068W-A	0.0
YAL069W	0.0
YAR002C-A	37.0
YAR002W	5.0
YAR003W	5.0
YAR007C	3.0
YAR008W	1.0
YAR014C	6.0
YAR015W	25.0
YAR018C	1.0
YAR019C	4.0
YAR019W-A	0.0
YAR020C	0.0
YAR023C	0.0
YAR027W	16.0
YAR028W	5.0
YAR029W	0.0
YAR030C	2.0
YAR031W	24.844
YAR033W	10.0
YAR035C-A	0.0
YAR035W	0.0
YAR042W	3.0
YAR047C	0.0
YAR050W	0.0
YAR053W	0.0
YAR060C	0.0
YAR061W	0.0
YAR064W	0.0
YAR066W	0.5
YAR068W	0.0
YAR070C	1.0
YAR071W	0.0
YAR073W	0.0
YAR075W	0.0
YBL001C	54.0
YBL002W	277.0
YBL003C	160.0
YBL004W	2.0
YBL005W	5.0
YBL006C	31.0
YBL006W-A	0.0
YBL007C	21.0
YBL008W	2.0
YBL008W-A	0.0
YBL009W	1.0
YBL010C	2.0
YBL011W	1.0
YBL012C	2.0
YBL013W	0.0
YBL014C	4.0
YBL015W	0.0
YBL016W	5.0
YBL017C	4.0
YBL018C	6.0
YBL019W	2.0
YBL020W	2.0
YBL021C	1.0
YBL022C	6.0
YBL023C	8.0
YBL024W	8.0
YBL025W	1.0
YBL026W	5.0
YBL027W	1089.077
YBL028C	2.0
YBL029C-A	1.0
YBL029W	2.0
YBL030C	34.0
YBL031W	0.0
YBL032W	1.0
YBL033C	5.0
YBL034C	0.0
YBL035C	7.0
YBL036C	5.0
YBL037W	1.0
YBL038W	12.0
YBL039C	16.0
YBL039C-A	0.0
YBL039W-B	0.0
YBL040C	168.0
YBL041W	17.0
YBL042C	32.0
YBL043W	1.0
YBL044W	0.0
YBL045C	8.0
YBL046W	2.0
YBL047C	1.0
YBL048W	9.0
YBL049W	1.0
YBL050W	15.0
YBL051C	5.0
YBL052C	1.0
YBL053W	0.0
YBL054W	6.0
YBL055C	8.0
YBL056W	16.0
YBL057C	8.0
YBL058W	15.0
YBL059C-A	10.0
YBL059W	4.0
YBL060W	7.0
YBL061C	9.0
YBL062W	0.0
YBL063W	0.0
YBL064C	5.0
YBL065W	0.0
YBL066C	2.0
YBL067C	8.0
YBL068W	37.0
YBL068W-A	0.0
YBL069W	5.0
YBL070C	16.0
YBL071C	16.0
YBL071C-B	0.0
YBL071W-A	11.0
YBL072C	403.881
YBL073W	0.0
YBL074C	1.0
YBL075C	0.0
YBL076C	32.047
YBL077W	15.953
YBL078C	3.0
YBL079W	21.0
YBL080C	0.0
YBL081W	6.0
YBL082C	12.706
YBL083C	4.294
YBL084C	1.0
YBL085W	2.0
YBL086C	4.0
YBL087C	635.773
YBL088C	12.0
YBL089W	10.0
YBL090W	8.0
YBL091C	32.0
YBL091C-A	13.0
YBL092W	675.166
YBL093C	5.0
YBL094C	0.0
YBL095W	0.0
YBL096C	0.0
YBL097W	0.0
YBL098W	0.0
YBL099W	6.159
YBL100C	5.841
YBL100W-C	0.0
YBL101C	1.0
YBL102W	15.0
YBL103C	5.0
YBL104C	0.0
YBL105C	5.0
YBL106C	5.0
YBL107C	8.0
YBL107W-A	0.0
YBL108C-A	0.0
YBL108W	0.0
YBL109W	0.0
YBL111C	0.0
YBL112C	0.0
YBL113C	0.0
YBL113W-A	0.0
YBR001C	4.0
YBR002C	14.0
YBR003W	7.0
YBR004C	1.0
YBR005W	1.0
YBR006W	1.0
YBR007C	3.0
YBR008C	10.0
YBR009C	265.938
YBR010W	39.0
YBR011C	78.0
YBR012C	5.0
YBR013C	0.0
YBR014C	4.0
YBR015C	20.0
YBR016W	49.0
YBR017C	11.0
YBR018C	0.0
YBR019C	1.0
YBR020W	0.0
YBR021W	8.0
YBR022W	8.0
YBR023C	0.0
YBR024W	15.0
YBR025C	130.0
YBR026C	9.0
YBR027C	1.0
YBR028C	6.0
YBR029C	5.0
YBR030W	1.0
YBR031W	194.248
YBR032W	0.0
YBR033W	1.0
YBR034C	4.0
YBR035C	9.0
YBR036C	7.0
YBR037C	8.0
YBR038W	1.0
YBR039W	9.0
YBR040W	0.0
YBR041W	3.0
YBR042C	3.0
YBR043C	8.0
YBR044C	18.0
YBR045C	0.0
YBR046C	2.0
YBR047W	0.0
YBR048W	1657.677
YBR049C	12.0
YBR050C	0.0
YBR051W	1.0
YBR052C	11.0
YBR053C	7.0
YBR054W	2.0
YBR055C	5.0
YBR056C-B	1.631
YBR056W	4.0
YBR056W-A	1.369
YBR057C	7.0
YBR058C	1.0
YBR058C-A	42.0
YBR059C	5.0
YBR060C	3.0
YBR061C	8.0
YBR062C	5.0
YBR063C	0.0
YBR064W	0.0
YBR065C	0.0
YBR066C	58.0
YBR067C	90.0
YBR068C	78.0
YBR069C	19.0
YBR070C	18.0
YBR071W	9.0
YBR072C-A	0.0
YBR072W	2.0
YBR073W	5.0
YBR074W	7.0
YBR076C-A	14.0
YBR076W	15.0
YBR077C	7.0
YBR078W	33.0
YBR079C	4.0
YBR080C	9.0
YBR081C	5.0
YBR082C	136.0
YBR083W	0.0
YBR084C-A	946.923
YBR084W	19.0
YBR085C-A	1.0
YBR085W	7.0
YBR086C	15.0
YBR087W	1.0
YBR088C	6.642
YBR089C-A	6.049
YBR089W	6.358
YBR090C	216.951
YBR091C	8.0
YBR092C	32.0
YBR093C	7.0
YBR094W	11.0
YBR095C	3.0
YBR096W	91.0
YBR097W	1.0
YBR098W	0.0
YBR099C	4.0
YBR101C	8.0
YBR102C	2.0
YBR103C-A	0.0
YBR103W	6.0
YBR104W	51.0
YBR105C	5.0
YBR106W	45.0
YBR107C	11.0
YBR108W	5.0
YBR109C	33.0
YBR109W-A	5.0
YBR110W	19.0
YBR111C	93.0
YBR111W-A	4.0
YBR112C	12.0
YBR113W	1.0
YBR114W	5.0
YBR115C	12.0
YBR116C	0.0
YBR117C	0.0
YBR118W	678.257
YBR119W	0.0
YBR120C	0.0
YBR121C	68.0
YBR121C-A	0.0
YBR122C	15.0
YBR123C	8.058
YBR124W	2.942
YBR125C	4.0
YBR126C	11.0
YBR126W-A	51.561
YBR126W-B	7.439
YBR127C	251.0
YBR128C	0.0
YBR129C	3.0
YBR130C	8.0
YBR131C-A	0.0
YBR131W	4.0
YBR132C	5.0
YBR133C	2.0
YBR134W	2.0
YBR135W	13.0
YBR136W	8.0
YBR137W	12.0
YBR138C	1.0
YBR139W	5.0
YBR140C	7.0
YBR141C	5.0
YBR141W-A	0.0
YBR142W	12.0
YBR143C	15.0
YBR144C	0.0
YBR145W	22.0
YBR146W	22.0
YBR147W	0.0
YBR148W	1.0
YBR149W	4.0
YBR150C	2.0
YBR151W	11.0
YBR152W	1.0
YBR153W	0.0
YBR154C	13.0
YBR155W	10.0
YBR156C	2.0
YBR157C	3.0
YBR158W	12.0
YBR159W	1.0
YBR160W	15.0
YBR161W	1.0
YBR162C	14.0
YBR162W-A	9.0
YBR163W	2.0
YBR164C	1.0
YBR165W	0.0
YBR166C	3.0
YBR167C	3.0
YBR168W	1.0
YBR169C	5.0
YBR170C	10.0
YBR171W	99.0
YBR172C	18.0
YBR173C	23.0
YBR174C	23.802
YBR175W	13.198
YBR176W	2.0
YBR177C	20.0
YBR178W	57.0
YBR179C	5.0
YBR180W	7.0
YBR181C	418.238
YBR182C	0.0
YBR182C-A	0.0
YBR183W	6.0
YBR184W	0.0
YBR185C	3.0
YBR186W	12.0
YBR187W	23.0
YBR188C	3.0
YBR189W	596.0
YBR190W	0.0
YBR191W	962.35
YBR191W-A	0.0
YBR192W	8.0
YBR193C	8.0
YBR194W	0.0
YBR195C	9.0
YBR196C	64.0
YBR196C-A	0.0
YBR196C-B	0.0
YBR197C	11.0
YBR198C	6.0
YBR199W	20.0
YBR200W	7.0
YBR200W-A	0.0
YBR201C-A	0.0
YBR201W	3.0
YBR202W	11.0
YBR203W	3.0
YBR204C	1.0
YBR205W	11.0
YBR206W	2.0
YBR207W	11.0
YBR208C	1.0
YBR209W	1.0
YBR210W	0.0
YBR211C	0.0
YBR212W	0.0
YBR213W	5.0
YBR214W	1.0
YBR215W	2.0
YBR216C	0.0
YBR217W	2.0
YBR218C	7.0
YBR219C	0.0
YBR220C	10.0
YBR221C	30.0
YBR221W-A	0.0
YBR222C	10.0
YBR223C	0.0
YBR223W-A	0.0
YBR224W	4.0
YBR225W	0.0
YBR226C	1.0
YBR227C	3.0
YBR228W	4.0
YBR229C	5.0
YBR230C	24.0
YBR230W-A	3.0
YBR231C	8.0
YBR232C	0.0
YBR233W	0.0
YBR233W-A	3.0
YBR234C	35.0
YBR235W	6.0
YBR236C	4.0
YBR237W	8.0
YBR238C	0.0
YBR239C	9.0
YBR240C	4.0
YBR241C	6.0
YBR242W	5.0
YBR243C	5.0
YBR244W	5.0
YBR245C	12.0
YBR246W	10.0
YBR247C	34.0
YBR248C	25.0
YBR249C	66.0
YBR250W	2.0
YBR251W	16.0
YBR252W	30.0
YBR253W	15.0
YBR254C	2.0
YBR255C-A	4.0
YBR255W	2.0
YBR256C	251.0
YBR257W	7.0
YBR258C	2.0
YBR259W	2.0
YBR260C	0.0
YBR261C	27.0
YBR262C	2.0
YBR263W	7.0
YBR264C	13.0
YBR265W	19.0
YBR266C	0.0
YBR267W	11.0
YBR268W	31.0
YBR269C	13.0
YBR270C	1.0
YBR271W	2.0
YBR272C	1.0
YBR273C	0.0
YBR274W	5.0
YBR275C	0.0
YBR276C	1.0
YBR277C	7.953
YBR278W	2.047
YBR279W	6.0
YBR280C	4.0
YBR281C	2.0
YBR282W	5.0
YBR283C	58.0
YBR284W	0.0
YBR285W	1.0
YBR286W	19.0
YBR287W	8.0
YBR288C	6.0
YBR289W	1.0
YBR290W	4.0
YBR291C	11.0
YBR292C	2.0
YBR293W	1.0
YBR294W	2.0
YBR295W	2.0
YBR296C	3.0
YBR296C-A	0.0
YBR297W	8.0
YBR298C	0.0
YBR298C-A	0.0
YBR299W	0.0
YBR300C	0.0
YBR301W	1.0
YCL001W	25.0
YCL001W-A	2.0
YCL001W-B	1.0
YCL002C	10.0
YCL004W	6.0
YCL005W	2.0
YCL005W-A	58.77
YCL007C	9.0
YCL008C	12.0
YCL009C	53.0
YCL010C	1.0
YCL011C	23.0
YCL012C	24.0
YCL014W	10.0
YCL016C	1.0
YCL017C	15.0
YCL018W	43.0
YCL021W-A	0.0
YCL022C	0.0
YCL023C	3.0
YCL024W	1.0
YCL025C	13.0
YCL026C-A	0.0
YCL026C-B	2.0
YCL027W	0.0
YCL028W	13.0
YCL029C	4.0
YCL030C	44.0
YCL031C	14.0
YCL032W	2.0
YCL033C	18.0
YCL034W	4.0
YCL035C	31.0
YCL036W	5.0
YCL037C	3.0
YCL038C	8.0
YCL039W	6.0
YCL040W	25.0
YCL041C	181.0
YCL042W	27.0
YCL043C	53.0
YCL044C	4.0
YCL045C	5.0
YCL046W	5.0
YCL047C	7.0
YCL048W	0.0
YCL048W-A	0.0
YCL049C	0.0
YCL050C	10.0
YCL051W	0.0
YCL052C	0.0
YCL054W	9.0
YCL054W-A	0.0
YCL055W	0.0
YCL056C	7.0
YCL057C-A	21.0
YCL057W	8.0
YCL058C	37.0
YCL058W-A	0.0
YCL059C	28.0
YCL061C	16.0
YCL063W	2.0
YCL064C	85.0
YCL065W	2.156
YCL068C	0.0
YCL069W	1.0
YCL073C	0.0
YCL074W	0.0
YCL075W	0.0
YCL076W	0.0
YCR001W	1.0
YCR002C	12.0
YCR003W	2.0
YCR004C	13.0
YCR005C	15.0
YCR006C	0.0
YCR007C	7.0
YCR008W	4.0
YCR009C	13.0
YCR010C	1.0
YCR011C	14.0
YCR012W	195.155
YCR013C	8.845
YCR014C	0.0
YCR015C	10.0
YCR016W	14.0
YCR017C	9.0
YCR018C	5.0
YCR018C-A	53.0
YCR019W	3.0
YCR020C	2.0
YCR020C-A	20.0
YCR020W-B	1.0
YCR021C	4.0
YCR022C	1.0
YCR023C	10.0
YCR024C	5.0
YCR024C-A	10.0
YCR024C-B	26.0
YCR025C	0.0
YCR026C	1.0
YCR027C	1.0
YCR028C	1.0
YCR028C-A	45.0
YCR030C	11.0
YCR031C	4534.605
YCR032W	5.0
YCR033W	3.0
YCR034W	32.0
YCR035C	13.0
YCR036W	5.0
YCR037C	7.0
YCR038C	5.0
YCR038W-A	0.0
YCR039C	16.0
YCR040W	0.0
YCR041W	5.845
YCR042C	11.0
YCR043C	2.0
YCR044C	11.0
YCR045C	5.0
YCR045W-A	0.0
YCR046C	20.0
YCR047C	6.335
YCR047W-A	2.665
YCR048W	2.028
YCR049C	3.972
YCR050C	0.0
YCR051W	66.0
YCR052W	6.0
YCR053W	34.0
YCR054C	5.0
YCR057C	17.0
YCR059C	34.0
YCR060W	1.0
YCR061W	4.0
YCR063W	10.874
YCR064C	4.126
YCR065W	9.0
YCR066W	3.0
YCR067C	3.0
YCR068W	3.0
YCR069W	13.0
YCR071C	9.0
YCR072C	4.0
YCR073C	15.0
YCR073W-A	0.0
YCR075C	0.0
YCR075W-A	11.0
YCR076C	14.0
YCR077C	2.0
YCR079W	6.0
YCR081C-A	0.936
YCR081W	2.064
YCR082W	7.0
YCR083W	1.0
YCR084C	0.0
YCR085W	1.0
YCR086W	8.0
YCR087C-A	0.0
YCR087W	17.0
YCR088W	9.0
YCR089W	0.0
YCR090C	49.0
YCR091W	1.0
YCR092C	3.0
YCR093W	2.0
YCR094W	13.0
YCR095C	5.0
YCR095W-A	0.0
YCR096C	0.0
YCR097W	4.999
YCR097W-A	0.0
YCR098C	5.082
YCR099C	0.0
YCR100C	0.0
YCR101C	0.0
YCR102C	2.0
YCR102W-A	0.0
YCR104W	0.0
YCR105W	5.0
YCR106W	3.0
YCR107W	1.0
YCR108C	0.0
YDL001W	6.0
YDL002C	6.0
YDL003W	8.0
YDL004W	65.0
YDL005C	5.0
YDL006W	2.0
YDL007C-A	0.0
YDL007W	31.0
YDL008W	8.0
YDL009C	0.0
YDL010W	0.0
YDL011C	4.0
YDL012C	52.0
YDL013W	2.0
YDL014W	89.0
YDL015C	7.0
YDL016C	38.0
YDL017W	1.0
YDL018C	4.0
YDL019C	12.0
YDL020C	2.0
YDL021W	2.0
YDL022C-A	0.0
YDL022W	6.115
YDL023C	5.885
YDL024C	0.0
YDL025C	2.0
YDL025W-A	0.0
YDL026W	7.0
YDL027C	4.0
YDL028C	3.0
YDL029W	23.0
YDL030W	2.0
YDL031W	19.0
YDL032W	3.988
YDL033C	2.012
YDL034W	0.0
YDL035C	1.0
YDL036C	21.0
YDL037C	0.0
YDL039C	1.0
YDL040C	6.0
YDL041W	0.0
YDL042C	9.0
YDL043C	6.0
YDL044C	4.0
YDL045C	4.0
YDL045W-A	12.0
YDL046W	10.0
YDL047W	0.0
YDL048C	5.0
YDL049C	3.0
YDL050C	5.161
YDL051W	9.839
YDL052C	36.0
YDL053C	1.0
YDL054C	4.0
YDL055C	45.0
YDL056W	0.0
YDL057W	4.0
YDL058W	4.0
YDL059C	4.0
YDL060W	3.0
YDL061C	223.0
YDL062W	6.0
YDL063C	5.0
YDL064W	35.0
YDL065C	5.0
YDL066W	22.0
YDL067C	15.0
YDL068W	0.0
YDL069C	0.0
YDL070W	16.0
YDL071C	4.0
YDL072C	21.0
YDL073W	5.0
YDL074C	3.0
YDL075W	569.197
YDL076C	3.0
YDL077C	1.0
YDL078C	50.0
YDL079C	1.0
YDL080C	3.0
YDL081C	105.0
YDL082W	192.0
YDL083C	1450.0
YDL084W	62.0
YDL085C-A	4.0
YDL085W	0.0
YDL086C-A	0.0
YDL086W	43.0
YDL087C	1.0
YDL088C	1.0
YDL089W	0.0
YDL090C	5.0
YDL091C	3.0
YDL092W	13.0
YDL093W	6.0
YDL094C	3.0
YDL095W	5.092
YDL096C	12.908
YDL097C	10.0
YDL098C	5.0
YDL099W	1.0
YDL100C	22.0
YDL101C	1.0
YDL102W	5.0
YDL103C	3.0
YDL104C	0.0
YDL105W	1.0
YDL106C	3.0
YDL107W	1.0
YDL108W	9.0
YDL109C	0.0
YDL110C	0.0
YDL111C	11.0
YDL112W	4.0
YDL113C	2.0
YDL114W	0.0
YDL114W-A	0.0
YDL115C	3.0
YDL116W	2.0
YDL117W	22.0
YDL118W	2.0
YDL119C	1.0
YDL120W	7.0
YDL121C	11.0
YDL122W	5.0
YDL123W	4.0
YDL124W	6.0
YDL125C	288.0
YDL126C	21.0
YDL127W	5.0
YDL128W	13.012
YDL129W	0.0
YDL130W	188.0
YDL130W-A	3.0
YDL131W	58.103
YDL132W	0.0
YDL133C-A	0.0
YDL133W	19.0
YDL134C	9.0
YDL135C	19.0
YDL136W	30.619
YDL137W	36.0
YDL138W	6.0
YDL139C	0.0
YDL140C	13.0
YDL141W	6.0
YDL142C	7.0
YDL143W	23.0
YDL144C	15.0
YDL145C	8.0
YDL146W	1.0
YDL147W	27.0
YDL148C	7.0
YDL149W	3.0
YDL150W	6.0
YDL151C	0.0
YDL152W	31.983
YDL153C	27.017
YDL154W	0.0
YDL155W	2.0
YDL156W	0.0
YDL157C	21.0
YDL158C	55.969
YDL159C-B	0.0
YDL159W	6.031
YDL159W-A	0.0
YDL160C	5.0
YDL160C-A	2.0
YDL161W	6.0
YDL162C	2.0
YDL163W	3.961
YDL164C	2.039
YDL165W	10.0
YDL166C	6.0
YDL167C	4.0
YDL168W	14.0
YDL169C	0.0
YDL170W	3.0
YDL171C	7.0
YDL172C	0.0
YDL173W	0.0
YDL174C	11.0
YDL175C	1.0
YDL176W	4.0
YDL177C	7.0
YDL178W	4.0
YDL179W	11.0
YDL180W	3.0
YDL181W	4.0
YDL182W	114.897
YDL183C	1.0
YDL184C	0.0
YDL185C-A	17.0
YDL185W	31.0
YDL186W	2.0
YDL187C	10.0
YDL188C	0.0
YDL189W	9.0
YDL190C	2.0
YDL191W	207.381
YDL192W	294.0
YDL193W	4.0
YDL194W	1.0
YDL195W	5.0
YDL196W	0.0
YDL197C	7.0
YDL198C	33.0
YDL199C	0.0
YDL200C	11.0
YDL201W	12.0
YDL202W	9.0
YDL203C	0.0
YDL204W	1.0
YDL205C	11.0
YDL206W	2.0
YDL207W	7.0
YDL208W	119.0
YDL209C	4.0
YDL210W	9.0
YDL211C	2.0
YDL212W	42.0
YDL213C	53.0
YDL214C	0.0
YDL215C	5.0
YDL216C	0.0
YDL217C	11.0
YDL218W	0.0
YDL219W	5.0
YDL220C	0.0
YDL221W	0.0
YDL222C	1.0
YDL223C	5.0
YDL224C	4.0
YDL225W	9.0
YDL226C	9.0
YDL227C	1.0
YDL228C	2.749
YDL229W	256.763
YDL230W	1.0
YDL231C	8.0
YDL232W	4.0
YDL233W	0.0
YDL234C	2.0
YDL235C	2.0
YDL236W	7.0
YDL237W	20.0
YDL238C	0.0
YDL239C	0.0
YDL240C-A	0.0
YDL240W	1.0
YDL241W	3.0
YDL242W	0.0
YDL243C	4.0
YDL244W	0.0
YDL245C	0.0
YDL246C	0.5
YDL247W	0.0
YDL247W-A	0.0
YDL248W	7.21
YDR001C	3.0
YDR002W	57.0
YDR003W	5.0
YDR003W-A	0.0
YDR004W	1.0
YDR005C	11.0
YDR006C	0.0
YDR007W	22.045
YDR008C	32.955
YDR009W	0.0
YDR010C	2.0
YDR011W	22.0
YDR012W	85.752
YDR013W	2.0
YDR014W	0.0
YDR014W-A	0.0
YDR015C	0.0
YDR016C	18.0
YDR017C	9.0
YDR018C	1.0
YDR019C	2.0
YDR020C	4.0
YDR021W	2.0
YDR022C	2.0
YDR023W	50.0
YDR024W	2.0
YDR025W	758.255
YDR026C	9.0
YDR027C	5.0
YDR028C	11.0
YDR029W	0.0
YDR030C	2.0
YDR031W	1.0
YDR032C	14.0
YDR033W	65.0
YDR034C	15.0
YDR034C-A	0.0
YDR034W-B	1.0
YDR035W	18.0
YDR036C	3.0
YDR037W	65.0
YDR038C	11.696
YDR039C	9.353
YDR040C	5.951
YDR041W	16.0
YDR042C	0.0
YDR043C	2.0
YDR044W	24.0
YDR045C	3.0
YDR046C	38.0
YDR047W	50.0
YDR048C	1.0
YDR049W	1.0
YDR050C	829.0
YDR051C	6.0
YDR052C	1.0
YDR053W	0.0
YDR054C	2.0
YDR055W	6.0
YDR056C	15.0
YDR057W	10.0
YDR058C	1.0
YDR059C	11.0
YDR060W	41.0
YDR061W	3.0
YDR062W	14.0
YDR063W	4.0
YDR064W	588.0
YDR065W	6.0
YDR066C	2.0
YDR067C	5.0
YDR068W	15.0
YDR069C	0.0
YDR070C	0.0
YDR071C	34.0
YDR072C	6.0
YDR073W	13.0
YDR074W	2.0
YDR075W	1.0
YDR076W	1.0
YDR077W	410.0
YDR078C	5.0
YDR079C-A	14.0
YDR079W	7.0
YDR080W	9.0
YDR081C	3.0
YDR082W	0.0
YDR083W	8.0
YDR084C	13.0
YDR085C	8.0
YDR086C	47.0
YDR087C	33.0
YDR088C	1.0
YDR089W	8.0
YDR090C	10.0
YDR091C	25.0
YDR092W	10.0
YDR093W	10.182
YDR094W	0.818
YDR095C	5.0
YDR096W	1.0
YDR097C	2.0
YDR098C	25.0
YDR099W	7.0
YDR100W	15.0
YDR101C	21.0
YDR102C	0.0
YDR103W	2.0
YDR104C	2.0
YDR105C	15.0
YDR106W	0.0
YDR107C	0.0
YDR108W	2.0
YDR109C	8.0
YDR110W	1.0
YDR111C	3.0
YDR112W	0.0
YDR113C	1.0
YDR114C	45.0
YDR115W	15.0
YDR116C	2.0
YDR117C	2.0
YDR118W	3.0
YDR118W-A	2.0
YDR119W	3.0
YDR119W-A	2.0
YDR120C	17.0
YDR121W	3.0
YDR122W	7.0
YDR123C	0.0
YDR124W	2.0
YDR125C	2.0
YDR126W	12.0
YDR127W	5.0
YDR128W	10.0
YDR129C	15.0
YDR130C	3.0
YDR131C	0.0
YDR132C	1.0
YDR133C	28.0
YDR135C	11.0
YDR136C	0.0
YDR137W	0.0
YDR138W	1.0
YDR139C	14.0
YDR140W	9.0
YDR141C	4.0
YDR142C	8.0
YDR143C	4.0
YDR144C	12.0
YDR145W	3.0
YDR146C	4.0
YDR147W	2.0
YDR148C	7.0
YDR149C	0.0
YDR150W	7.0
YDR151C	4.0
YDR152W	4.0
YDR153C	5.0
YDR154C	441.32
YDR155C	232.716
YDR156W	23.0
YDR157W	42.0
YDR158W	70.0
YDR159W	0.0
YDR160W	2.0
YDR161W	16.0
YDR162C	3.0
YDR163W	0.0
YDR164C	7.0
YDR165W	4.0
YDR166C	0.0
YDR167W	15.0
YDR168W	11.0
YDR169C	5.0
YDR169C-A	0.0
YDR170C	18.0
YDR171W	8.0
YDR172W	19.0
YDR173C	2.0
YDR174W	67.0
YDR175C	8.0
YDR176W	8.0
YDR177W	7.0
YDR178W	8.0
YDR179C	1.0
YDR179W-A	13.0
YDR180W	5.0
YDR181C	1.0
YDR182W	5.0
YDR182W-A	0.0
YDR183C-A	2.0
YDR183W	6.0
YDR184C	0.0
YDR185C	12.0
YDR186C	0.0
YDR187C	143.452
YDR188W	33.548
YDR189W	10.0
YDR190C	11.0
YDR191W	2.0
YDR192C	1.008
YDR193W	3.992
YDR194C	17.0
YDR194W-A	0.0
YDR195W	12.0
YDR196C	52.0
YDR197W	6.0
YDR198C	5.0
YDR199W	0.0
YDR200C	3.0
YDR201W	4.0
YDR202C	7.0
YDR203W	26.0
YDR204W	6.0
YDR205W	17.0
YDR206W	1.0
YDR207C	0.0
YDR208W	1.0
YDR209C	41.0
YDR210W	0.0
YDR211W	9.0
YDR212W	76.0
YDR213W	1.0
YDR214W	7.0
YDR215C	0.0
YDR216W	2.0
YDR217C	2.0
YDR218C	0.0
YDR219C	2.0
YDR220C	0.0
YDR221W	21.0
YDR222W	7.0
YDR223W	0.0
YDR224C	52.0
YDR225W	108.0
YDR226W	205.0
YDR227W	22.0
YDR228C	0.0
YDR229W	3.0
YDR230W	1.287
YDR231C	3.713
YDR232W	6.0
YDR233C	98.0
YDR234W	10.0
YDR235W	7.0
YDR236C	21.0
YDR237W	6.0
YDR238C	10.0
YDR239C	2.0
YDR240C	2.0
YDR241W	12.0
YDR242W	0.0
YDR243C	1.0
YDR244W	9.0
YDR245W	16.0
YDR246W	1.0
YDR246W-A	0.0
YDR247W	2.0
YDR248C	5.0
YDR249C	1.0
YDR250C	0.0
YDR251W	12.0
YDR252W	2.0
YDR253C	12.0
YDR254W	0.0
YDR255C	2.0
YDR256C	2.0
YDR257C	3.0
YDR258C	0.0
YDR259C	0.0
YDR260C	10.0
YDR261C	7.0
YDR262W	12.0
YDR263C	8.0
YDR264C	17.0
YDR265W	2.0
YDR266C	0.0
YDR267C	5.0
YDR268W	7.0
YDR269C	0.0
YDR270W	5.0
YDR271C	1.0
YDR272W	3.0
YDR273W	1.0
YDR274C	2.0
YDR275W	5.0
YDR276C	66.0
YDR277C	1.0
YDR278C	0.0
YDR279W	3.0
YDR280W	4.0
YDR281C	6.0
YDR282C	6.0
YDR283C	2.0
YDR284C	7.0
YDR285W	2.0
YDR286C	14.0
YDR287W	1.0
YDR288W	1.0
YDR289C	0.0
YDR290W	1.0
YDR291W	5.0
YDR292C	13.0
YDR293C	3.0
YDR294C	4.0
YDR295C	4.0
YDR296W	9.0
YDR297W	19.0
YDR298C	38.0
YDR299W	6.0
YDR300C	11.0
YDR301W	5.0
YDR302W	8.0
YDR303C	8.0
YDR304C	60.0
YDR305C	7.0
YDR306C	1.0
YDR307W	4.0
YDR308C	24.144
YDR309C	7.0
YDR310C	7.0
YDR311W	3.0
YDR312W	3.0
YDR313C	0.0
YDR314C	0.0
YDR315C	0.0
YDR316W	2.0
YDR317W	10.0
YDR318W	6.0
YDR319C	3.0
YDR320C	17.0
YDR320C-A	29.0
YDR320W-B	6.0
YDR321W	26.0
YDR322C-A	73.0
YDR322W	5.0
YDR323C	0.0
YDR324C	1.0
YDR325W	3.0
YDR326C	9.0
YDR327W	9.0
YDR328C	20.0
YDR329C	2.0
YDR330W	3.0
YDR331W	10.0
YDR332W	6.0
YDR333C	8.0
YDR334W	8.0
YDR335W	4.0
YDR336W	7.0
YDR337W	3.0
YDR338C	6.0
YDR339C	77.0
YDR340W	0.0
YDR341C	38.0
YDR342C	19.198
YDR343C	0.0
YDR344C	6.0
YDR345C	75.802
YDR346C	26.0
YDR347W	5.0
YDR348C	2.0
YDR349C	7.0
YDR350C	8.0
YDR351W	2.0
YDR352W	2.0
YDR353W	33.0
YDR354C-A	0.0
YDR354W	16.0
YDR355C	0.0
YDR356W	2.0
YDR357C	23.0
YDR358W	0.0
YDR359C	2.0
YDR360W	0.0
YDR361C	12.0
YDR362C	4.0
YDR363W	0.0
YDR363W-A	29.0
YDR364C	7.0
YDR365C	18.0
YDR366C	93.0
YDR367W	15.0
YDR368W	32.0
YDR369C	14.0
YDR370C	5.0
YDR371C-A	0.0
YDR371W	1.0
YDR372C	11.0
YDR373W	1.0
YDR374C	0.0
YDR374W-A	4.0
YDR375C	5.0
YDR376W	2.0
YDR377W	37.0
YDR378C	22.0
YDR379C-A	0.0
YDR379W	2.0
YDR380W	10.0
YDR381C-A	121.0
YDR381W	9.0
YDR382W	48.0
YDR383C	4.0
YDR384C	61.0
YDR385W	86.697
YDR386W	8.0
YDR387C	0.0
YDR388W	83.0
YDR389W	2.0
YDR390C	4.0
YDR391C	2.0
YDR392W	0.0
YDR393W	4.0
YDR394W	26.0
YDR395W	10.0
YDR396W	5.643
YDR397C	18.357
YDR398W	10.0
YDR399W	34.0
YDR400W	2.0
YDR401W	0.0
YDR402C	0.0
YDR403W	1.0
YDR404C	18.0
YDR405W	23.0
YDR406W	7.0
YDR406W-A	0.0
YDR407C	5.0
YDR408C	28.0
YDR409W	0.0
YDR410C	8.0
YDR411C	3.0
YDR412W	10.62
YDR413C	1.38
YDR414C	2.0
YDR415C	3.0
YDR416W	12.0
YDR417C	3757.106
YDR418W	181.894
YDR419W	1.0
YDR420W	2.0
YDR421W	5.0
YDR422C	8.0
YDR423C	9.0
YDR424C	14.0
YDR425W	14.0
YDR426C	3.0
YDR427W	11.0
YDR428C	13.0
YDR429C	82.0
YDR430C	2.0
YDR431W	0.0
YDR432W	67.0
YDR433W	0.0
YDR434W	1.0
YDR435C	5.0
YDR436W	4.0
YDR437W	3.0
YDR438W	1.0
YDR439W	2.0
YDR440W	0.0
YDR441C	5.0
YDR442W	0.0
YDR443C	5.0
YDR444W	9.0
YDR445C	1.0
YDR446W	0.0
YDR447C	386.0
YDR448W	3.0
YDR449C	26.0
YDR450W	213.497
YDR451C	10.0
YDR452W	20.0
YDR453C	4.0
YDR454C	47.0
YDR455C	16.993
YDR456W	3.007
YDR457W	7.0
YDR458C	3.0
YDR459C	7.0
YDR460W	3.0
YDR461C-A	3.0
YDR461W	0.0
YDR462W	3.0
YDR463W	6.0
YDR464C-A	0.0
YDR464W	5.0
YDR465C	5.0
YDR466W	2.0
YDR467C	1.0
YDR468C	4.0
YDR469W	11.0
YDR470C	2.0
YDR471W	463.0
YDR472W	5.0
YDR473C	2.0
YDR475C	2.0
YDR476C	24.0
YDR477W	0.0
YDR478W	0.0
YDR479C	11.0
YDR480W	0.0
YDR481C	0.0
YDR482C	17.0
YDR483W	19.0
YDR484W	1.0
YDR485C	1.0
YDR486C	1.0
YDR487C	22.0
YDR488C	5.0
YDR489W	2.0
YDR490C	10.0
YDR491C	33.0
YDR492W	5.0
YDR493W	7.0
YDR494W	2.0
YDR495C	4.0
YDR496C	9.0
YDR497C	34.0
YDR498C	3.0
YDR499W	3.0
YDR500C	170.321
YDR501W	1.0
YDR502C	13.0
YDR503C	2.0
YDR504C	0.0
YDR505C	0.0
YDR506C	4.0
YDR507C	1.0
YDR508C	23.949
YDR509W	13.051
YDR510C-A	4.0
YDR510W	78.0
YDR511W	38.0
YDR512C	92.0
YDR513W	133.0
YDR514C	5.0
YDR515W	1.0
YDR516C	2.0
YDR517W	5.0
YDR518W	8.0
YDR519W	109.0
YDR520C	8.0
YDR521W	0.0
YDR522C	1.0
YDR523C	0.0
YDR524C	3.0
YDR524C-A	1.0
YDR524C-B	886.866
YDR524W-C	0.0
YDR525W	0.0
YDR525W-A	15.0
YDR526C	0.0
YDR527W	10.0
YDR528W	1.0
YDR529C	26.0
YDR530C	1.0
YDR531W	3.0
YDR532C	2.0
YDR533C	4.0
YDR534C	0.0
YDR535C	0.0
YDR536W	0.0
YDR537C	6.0
YDR538W	0.0
YDR539W	10.0
YDR540C	0.0
YDR541C	1.0
YDR542W	0.0
YDR543C	0.0
YDR544C	0.0
YDR545C-A	0.0
YDR545W	10.282
YEL001C	27.0
YEL002C	4.0
YEL003W	4.0
YEL004W	3.0
YEL005C	1.0
YEL006W	5.0
YEL007W	25.0
YEL008C-A	0.0
YEL008W	2.0
YEL009C	154.0
YEL009C-A	0.0
YEL010W	4.0
YEL011W	4.0
YEL012W	0.0
YEL013W	6.0
YEL014C	1.0
YEL015W	13.0
YEL016C	4.0
YEL017C-A	62.0
YEL017W	8.0
YEL018C-A	28.825
YEL018W	3.175
YEL019C	1.0
YEL020C	0.0
YEL020C-B	82.765
YEL020W-A	5.235
YEL021W	29.0
YEL022W	2.0
YEL023C	1.0
YEL024W	2.0
YEL025C	0.0
YEL026W	173.0
YEL027W	1244.0
YEL028W	0.0
YEL029C	4.0
YEL030C-A	0.0
YEL030W	1.0
YEL031W	14.0
YEL032C-A	0.0
YEL032W	3.0
YEL033W	422.0
YEL034C-A	9007.0
YEL034W	0.0
YEL035C	3.0
YEL036C	7.0
YEL037C	10.0
YEL038W	9.0
YEL039C	0.0
YEL040W	19.0
YEL041W	2.0
YEL042W	8.0
YEL043W	3.0
YEL044W	10.0
YEL045C	0.0
YEL046C	86.0
YEL047C	0.0
YEL048C	5.0
YEL049W	0.0
YEL050C	10.0
YEL050W-A	2.0
YEL051W	28.0
YEL052W	11.0
YEL053C	0.0
YEL053W-A	926.036
YEL054C	36.964
YEL055C	14.0
YEL056W	10.0
YEL057C	6.0
YEL058W	34.0
YEL059C-A	0.0
YEL059W	0.0
YEL060C	4.0
YEL061C	3.0
YEL062W	0.0
YEL063C	1.0
YEL064C	2.0
YEL065W	1.0
YEL066W	10.737
YEL067C	11.263
YEL068C	15.0
YEL069C	0.0
YEL070W	0.0
YEL071W	14.0
YEL072W	1.0
YEL073C	0.0
YEL074W	0.0
YEL075C	0.0
YEL075W-A	0.0
YEL076C	0.0
YEL076C-A	0.0
YEL077C	2.081
YEL077W-A	0.0
YER001W	15.0
YER002W	17.0
YER003C	22.0
YER004W	56.0
YER005W	9.0
YER006C-A	0.0
YER006W	6.0
YER007C-A	39.0
YER007W	8.0
YER008C	4.0
YER009W	32.0
YER010C	5.0
YER011W	2.0
YER012W	8.0
YER013W	6.0
YER014C-A	0.0
YER014W	3.0
YER015W	4.0
YER016W	0.0
YER017C	4.0
YER018C	16.0
YER019C-A	24.0
YER019W	37.0
YER020W	3.0
YER021W	5.0
YER022W	15.0
YER023C-A	0.0
YER023W	142.0
YER024W	9.0
YER025W	64.0
YER026C	50.0
YER027C	1.0
YER028C	1.0
YER029C	4.0
YER030W	38.0
YER031C	21.0
YER032W	6.0
YER033C	0.0
YER034W	0.0
YER035W	2.0
YER036C	25.0
YER037W	3.0
YER038C	10.0
YER038W-A	1.0
YER039C	0.0
YER039C-A	3.0
YER040W	3.0
YER041W	1.0
YER042W	2.0
YER043C	63.0
YER044C	10.0
YER044C-A	3.0
YER045C	1.0
YER046W	0.0
YER046W-A	1.0
YER047C	0.0
YER048C	26.0
YER048W-A	12.0
YER049W	2.0
YER050C	5.0
YER051W	1.0
YER052C	13.0
YER053C	7.0
YER053C-A	0.0
YER054C	3.0
YER055C	19.0
YER056C	52.0
YER056C-A	387.0
YER057C	56.0
YER058W	3.0
YER059W	5.0
YER060W	8.0
YER060W-A	2.0
YER061C	5.0
YER062C	3.0
YER063W	13.0
YER064C	35.0
YER065C	0.0
YER066C-A	37.0
YER066W	0.0
YER067C-A	1.0
YER067W	0.0
YER068C-A	8.0
YER068W	8.0
YER069W	11.0
YER070W	8.0
YER071C	13.0
YER072W	154.0
YER073W	12.0
YER074W	110.21
YER074W-A	11.0
YER075C	5.0
YER076C	4.0
YER076W-A	10.0
YER077C	1.0
YER078C	2.0
YER078W-A	1.0
YER079C-A	3.776
YER079W	7.0
YER080W	3.224
YER081W	2.0
YER082C	14.0
YER083C	37.0
YER084W	4.0
YER084W-A	0.0
YER085C	0.0
YER086W	31.0
YER087C-A	2.0
YER087C-B	43.0
YER087W	0.0
YER088C	3.0
YER088C-A	24.0
YER088W-B	1.0
YER089C	34.0
YER090C-A	0.0
YER090W	11.0
YER091C	2.0
YER091C-A	0.0
YER092W	5.0
YER093C	21.0
YER093C-A	0.0
YER094C	40.0
YER095W	50.0
YER096W	2.0
YER097W	0.0
YER098W	5.0
YER099C	20.0
YER100W	11.0
YER101C	2.0
YER102W	504.119
YER103W	7.0
YER104W	2.0
YER105C	11.0
YER106W	1.0
YER107C	4.0
YER107W-A	15.0
YER110C	21.0
YER111C	2.0
YER112W	7.0
YER113C	3.0
YER114C	9.0
YER115C	4.0
YER116C	9.0
YER117W	5116.981
YER118C	8.0
YER119C	10.0
YER119C-A	297.0
YER120W	57.0
YER121W	1.0
YER122C	9.0
YER123W	5.0
YER124C	21.0
YER125W	8.0
YER126C	11.0
YER127W	11.0
YER128W	14.0
YER129W	0.0
YER130C	1.0
YER131W	78.0
YER132C	4.0
YER133W	1.0
YER133W-A	8.705
YER134C	7.295
YER135C	0.0
YER136W	25.0
YER137C	4.146
YER137W-A	13.854
YER138W-A	2.0
YER139C	1.0
YER140W	8.0
YER141W	11.0
YER142C	5.0
YER143W	5.0
YER144C	6.0
YER145C	21.0
YER145C-A	22.0
YER146W	0.0
YER147C	12.0
YER147C-A	36.44
YER148W	2.56
YER148W-A	0.0
YER149C	0.0
YER150W	0.0
YER151C	3.0
YER152C	6.738
YER152W-A	6.262
YER153C	4.0
YER154W	46.0
YER155C	10.0
YER156C	83.0
YER157W	5.0
YER158C	8.0
YER158W-A	1.0
YER159C	4.0
YER161C	5.0
YER162C	2.0
YER163C	12.0
YER164W	1.0
YER165C-A	0.0
YER165W	33.0
YER166W	12.0
YER167W	7.0
YER168C	3.0
YER169W	5.0
YER170W	0.0
YER171W	15.0
YER172C	7.0
YER172C-A	0.0
YER173W	4.0
YER174C	0.0
YER175C	4.0
YER175W-A	2.0
YER176W	17.0
YER177W	145.0
YER178W	155.0
YER179W	5.0
YER180C	6.0
YER180C-A	2.0
YER181C	0.0
YER182W	3.0
YER183C	17.0
YER184C	0.0
YER185W	0.0
YER186C	2.0
YER187W	0.0
YER188C-A	0.0
YER188W	0.0
YER189W	0.0
YER190C-A	0.0
YER190W	0.0
YFL001W	14.0
YFL002C	6.0
YFL003C	16.0
YFL004W	13.0
YFL005W	14.0
YFL007W	2.0
YFL008W	2.0
YFL009W	2.0
YFL010C	61.371
YFL010W-A	27.986
YFL011W	0.0
YFL012W	0.0
YFL012W-A	1.0
YFL013C	0.0
YFL013W-A	4.0
YFL014W	0.0
YFL015C	0.0
YFL015W-A	0.0
YFL016C	1.0
YFL017C	62.0
YFL017W-A	12.0
YFL018C	51.0
YFL019C	0.0
YFL020C	0.0
YFL021C-A	7.581
YFL021W	6.419
YFL022C	23.0
YFL023W	0.0
YFL024C	5.0
YFL025C	0.0
YFL026W	0.0
YFL027C	2.0
YFL028C	33.0
YFL029C	1.0
YFL030W	1.0
YFL031C-A	0.0
YFL031W	19.0
YFL032W	0.0
YFL033C	2.0
YFL034C-A	32.0
YFL034C-B	2.0
YFL034W	1.0
YFL036W	1.0
YFL037W	33.0
YFL038C	89.0
YFL039C	112.0
YFL040W	1.0
YFL041W	3.0
YFL041W-A	0.0
YFL042C	9.0
YFL044C	10.0
YFL045C	39.0
YFL046W	6.0
YFL047W	2.0
YFL048C	13.0
YFL049W	8.0
YFL050C	0.0
YFL051C	2.0
YFL052W	0.0
YFL053W	1.0
YFL054C	1.0
YFL055W	2.0
YFL056C	0.0
YFL058W	0.0
YFL059W	0.5
YFL060C	1.5
YFL061W	0.0
YFL062W	0.0
YFL063W	0.0
YFL064C	0.0
YFL065C	0.0
YFL066C	0.0
YFL067W	0.0
YFL068W	10.923
YFR001W	5.0
YFR002W	3.0
YFR003C	1.0
YFR004W	6.0
YFR005C	2.0
YFR006W	52.0
YFR007W	19.0
YFR008W	1.0
YFR009W	15.0
YFR009W-A	0.0
YFR010W	3.0
YFR010W-A	0.0
YFR011C	7.0
YFR012W	1.0
YFR012W-A	0.0
YFR013W	3.0
YFR014C	7.0
YFR015C	7.0
YFR016C	2.0
YFR017C	0.0
YFR018C	4.0
YFR019W	10.0
YFR020W	2.0
YFR021W	2.0
YFR022W	0.0
YFR023W	0.0
YFR024C-A	12.0
YFR025C	9.0
YFR026C	1.0
YFR027W	2.0
YFR028C	1.0
YFR029W	6.0
YFR030W	2.0
YFR031C	3.0
YFR031C-A	307.173
YFR032C	0.0
YFR032C-A	47.0
YFR032C-B	8.0
YFR033C	13.0
YFR034C	12.0
YFR034W-A	0.0
YFR035C	44.0
YFR036W	7.0
YFR036W-A	92.316
YFR037C	17.684
YFR038W	8.0
YFR039C	2.0
YFR040W	1.0
YFR041C	0.0
YFR042W	10.0
YFR043C	8.0
YFR044C	31.0
YFR045W	3.0
YFR046C	4.0
YFR047C	33.0
YFR048W	2.0
YFR049W	11.0
YFR050C	16.0
YFR051C	23.0
YFR052C-A	4.0
YFR052W	14.0
YFR053C	1.0
YFR054C	0.0
YFR055W	18.025
YFR056C	41.975
YFR057W	0.0
YGL001C	13.0
YGL002W	6.0
YGL003C	7.0
YGL004C	6.0
YGL005C	3.0
YGL006W	16.0
YGL006W-A	0.0
YGL007C-A	0.0
YGL007W	0.0
YGL008C	90.0
YGL009C	2.0
YGL010W	2.0
YGL011C	66.0
YGL012W	35.0
YGL013C	12.0
YGL014C-A	0.0
YGL014W	1.0
YGL015C	0.0
YGL016W	10.0
YGL017W	3.0
YGL018C	5.0
YGL019W	32.0
YGL020C	7.0
YGL021W	8.0
YGL022W	10.0
YGL023C	1.0
YGL024W	2.0
YGL025C	5.0
YGL026C	41.0
YGL027C	21.0
YGL028C	4.0
YGL029W	5.0
YGL030W	604.0
YGL031C	247.0
YGL032C	0.0
YGL033W	1.0
YGL034C	0.0
YGL035C	0.0
YGL036W	3.0
YGL037C	5.0
YGL038C	25.0
YGL039W	4.0
YGL040C	5.0
YGL041C	0.0
YGL041C-B	17.0
YGL041W-A	11.0
YGL042C	2.0
YGL043W	6.0
YGL044C	0.0
YGL045W	1.0
YGL047W	12.0
YGL048C	30.0
YGL049C	2.0
YGL050W	10.0
YGL051W	0.0
YGL052W	6.0
YGL053W	1.156
YGL054C	22.0
YGL055W	11.0
YGL056C	0.0
YGL057C	14.0
YGL058W	8.0
YGL059W	6.0
YGL060W	0.0
YGL061C	3.0
YGL062W	5.0
YGL063C-A	0.0
YGL063W	12.0
YGL064C	6.0
YGL065C	3.0
YGL066W	3.0
YGL067W	4.0
YGL068W	0.0
YGL069C	12.0
YGL070C	20.0
YGL071W	1.0
YGL072C	6.903
YGL073W	6.097
YGL074C	0.0
YGL075C	1.0
YGL076C	481.26
YGL077C	3.0
YGL078C	9.0
YGL079W	7.0
YGL080W	10.0
YGL081W	0.0
YGL082W	3.0
YGL083W	8.0
YGL084C	4.0
YGL085W	14.0
YGL086W	1.0
YGL087C	11.0
YGL088W	73.0
YGL089C	0.0
YGL090W	0.0
YGL091C	8.0
YGL092W	1.0
YGL093W	1.0
YGL094C	1.0
YGL095C	4.0
YGL096W	5.0
YGL097W	6.0
YGL098W	1.0
YGL099W	2.0
YGL100W	12.0
YGL101W	2.0
YGL102C	4.935
YGL103W	673.065
YGL104C	0.0
YGL105W	137.0
YGL106W	1.0
YGL107C	3.0
YGL108C	0.0
YGL109W	0.0
YGL110C	1.0
YGL111W	10.0
YGL112C	14.0
YGL113W	5.0
YGL114W	9.0
YGL115W	7.0
YGL116W	11.0
YGL117W	12.0
YGL118C	0.0
YGL119W	3.0
YGL120C	11.0
YGL121C	2.0
YGL122C	1.0
YGL123C-A	854.974
YGL123W	1121.345
YGL124C	7.0
YGL125W	2.0
YGL126W	0.0
YGL127C	5.0
YGL128C	9.0
YGL129C	1.0
YGL130W	16.0
YGL131C	0.0
YGL132W	0.0
YGL133W	3.0
YGL134W	11.0
YGL135W	176.887
YGL136C	5.0
YGL137W	21.0
YGL138C	0.0
YGL139W	0.0
YGL140C	2.0
YGL141W	5.0
YGL142C	3.0
YGL143C	0.0
YGL144C	6.0
YGL145W	5.0
YGL146C	1.0
YGL147C	182.0
YGL148W	170.0
YGL149W	4.0
YGL150C	5.0
YGL151W	8.0
YGL152C	10.909
YGL153W	1.091
YGL154C	15.0
YGL155W	0.0
YGL156W	2.0
YGL157W	22.0
YGL158W	0.0
YGL159W	8.0
YGL160W	0.0
YGL161C	6.0
YGL162W	15.0
YGL163C	1.0
YGL164C	3.0
YGL165C	1.449
YGL166W	6.551
YGL167C	10.463
YGL168W	2.537
YGL169W	5.0
YGL170C	1.0
YGL171W	13.0
YGL172W	5.0
YGL173C	5.0
YGL174W	1.0
YGL175C	0.0
YGL176C	1.0
YGL177W	0.0
YGL178W	2.0
YGL179C	6.0
YGL180W	1.0
YGL181W	1.0
YGL182C	0.0
YGL183C	0.0
YGL184C	0.0
YGL185C	11.0
YGL186C	28.0
YGL187C	5.0
YGL188C	4.0
YGL188C-A	1.0
YGL189C	439.553
YGL190C	1.0
YGL191W	6.0
YGL192W	2.0
YGL193C	0.0
YGL194C	5.0
YGL194C-A	2.0
YGL195W	10.0
YGL196W	12.0
YGL197W	1.0
YGL198W	4.971
YGL199C	58.029
YGL200C	21.0
YGL201C	3.0
YGL202W	12.0
YGL203C	9.0
YGL204C	1.0
YGL205W	1.0
YGL206C	9.0
YGL207W	8.0
YGL208W	16.0
YGL209W	6.0
YGL210W	9.0
YGL211W	17.0
YGL212W	1.0
YGL213C	10.772
YGL214W	4.228
YGL215W	9.0
YGL216W	11.0
YGL217C	0.0
YGL218W	61.924
YGL219C	6.076
YGL220W	242.0
YGL221C	18.0
YGL222C	0.0
YGL223C	20.0
YGL224C	14.0
YGL225W	61.0
YGL226C-A	41.0
YGL226W	0.0
YGL227W	7.0
YGL228W	12.0
YGL229C	7.0
YGL230C	1.0
YGL231C	22.0
YGL232W	7.0
YGL233W	2.0
YGL234W	26.0
YGL235W	0.0
YGL236C	4.0
YGL237C	4.0
YGL238W	10.0
YGL239C	2.0
YGL240W	3.0
YGL241W	2.0
YGL242C	2.0
YGL243W	21.0
YGL244W	72.0
YGL245W	23.0
YGL246C	1.0
YGL247W	5.0
YGL248W	4.0
YGL249W	5.0
YGL250W	1.0
YGL251C	6.0
YGL252C	13.0
YGL253W	66.0
YGL254W	1.0
YGL255W	1.0
YGL256W	2.0
YGL257C	3.0
YGL258W	0.0
YGL258W-A	0.0
YGL259W	0.0
YGL260W	0.0
YGL261C	0.0
YGL262W	0.0
YGL263W	0.0
YGR001C	13.0
YGR002C	2.0
YGR003W	4.0
YGR004W	1.0
YGR005C	3.0
YGR006W	1.0
YGR007W	11.0
YGR008C	15.0
YGR009C	3.0
YGR010W	0.0
YGR011W	2.0
YGR012W	6.0
YGR013W	6.0
YGR014W	26.0
YGR015C	12.0
YGR016W	3.0
YGR017W	9.0
YGR018C	0.0
YGR019W	8.0
YGR020C	6.0
YGR021W	1.0
YGR022C	0.0
YGR023W	0.0
YGR024C	0.0
YGR025W	8.0
YGR026W	2.0
YGR027C	109.145
YGR028W	4.0
YGR029W	38.0
YGR030C	9.0
YGR031C-A	0.0
YGR031W	25.0
YGR032W	6.0
YGR033C	11.0
YGR034W	540.033
YGR035C	3.0
YGR035W-A	0.0
YGR036C	6.0
YGR037C	130.0
YGR038W	10.0
YGR039W	2.0
YGR040W	10.0
YGR041W	4.0
YGR042W	4.0
YGR043C	1.0
YGR044C	0.0
YGR045C	1.0
YGR046W	0.0
YGR047C	4.0
YGR048W	10.0
YGR049W	9.0
YGR050C	8.0
YGR051C	0.0
YGR052W	0.0
YGR053C	0.0
YGR054W	2.0
YGR055W	25.0
YGR056W	8.0
YGR057C	0.0
YGR058W	3.0
YGR059W	0.0
YGR060W	48.0
YGR061C	19.0
YGR062C	13.0
YGR063C	4.411
YGR064W	215.589
YGR065C	4.0
YGR066C	0.0
YGR067C	0.0
YGR068C	8.0
YGR068W-A	0.0
YGR069W	1.0
YGR070W	0.0
YGR071C	0.0
YGR072W	7.0
YGR073C	13.0
YGR074W	0.0
YGR075C	7.0
YGR076C	2.0
YGR077C	3.0
YGR078C	7.0
YGR079W	18.0
YGR080W	4.0
YGR081C	20.0
YGR082W	123.0
YGR083C	5.0
YGR084C	52.0
YGR085C	353.614
YGR086C	95.0
YGR087C	0.0
YGR088W	1.0
YGR089W	3.0
YGR090W	2.0
YGR091W	5.0
YGR092W	3.0
YGR093W	17.0
YGR094W	11.0
YGR095C	4.0
YGR096W	8.0
YGR097W	1.0
YGR098C	2.0
YGR099W	1.0
YGR100W	2.0
YGR101W	20.0
YGR102C	9.0
YGR103W	21.0
YGR104C	1.0
YGR105W	10.0
YGR106C	8.0
YGR107W	0.0
YGR108W	8.0
YGR109C	2.0
YGR110W	0.0
YGR111W	1.0
YGR112W	0.0
YGR113W	8.0
YGR114C	31.724
YGR115C	0.0
YGR116W	11.276
YGR117C	2.0
YGR118W	418.344
YGR119C	9.0
YGR120C	2.0
YGR121C	4.0
YGR121W-A	1.0
YGR122C-A	0.0
YGR122W	2.0
YGR123C	2.0
YGR124W	30.0
YGR125W	8.0
YGR126W	0.0
YGR127W	2.0
YGR128C	7.0
YGR129W	3.0
YGR130C	5.0
YGR131W	3.0
YGR132C	8.0
YGR133W	7.0
YGR134W	5.0
YGR135W	19.0
YGR136W	19.267
YGR137W	1.733
YGR138C	5.025
YGR139W	1.0
YGR140W	2.0
YGR141W	3.0
YGR142W	0.0
YGR143W	1.0
YGR144W	0.0
YGR145W	7.0
YGR146C	1.0
YGR146C-A	2.0
YGR147C	7.0
YGR148C	190.0
YGR149W	1.0
YGR150C	2.0
YGR151C	4.927
YGR152C	1.073
YGR153W	0.0
YGR154C	2.0
YGR155W	17.0
YGR156W	33.0
YGR157W	30.0
YGR158C	15.0
YGR159C	63.731
YGR160W	43.269
YGR161C	6.0
YGR161W-C	7.0
YGR162W	4.0
YGR163W	7.0
YGR164W	5.0
YGR165W	12.0
YGR166W	0.0
YGR167W	21.0
YGR168C	4.0
YGR169C	2.0
YGR169C-A	8.0
YGR170W	8.0
YGR171C	10.0
YGR172C	26.0
YGR173W	11.0
YGR174C	8.0
YGR174W-A	0.0
YGR175C	13.0
YGR176W	0.0
YGR177C	2.0
YGR178C	6.0
YGR179C	0.0
YGR180C	2.0
YGR181W	37.0
YGR182C	117.0
YGR183C	12.0
YGR184C	8.0
YGR185C	37.0
YGR186W	3.0
YGR187C	27.0
YGR188C	4.0
YGR189C	31.0
YGR190C	0.0
YGR191W	31.0
YGR192C	3939.718
YGR193C	2.0
YGR194C	2.0
YGR195W	1.0
YGR196C	23.0
YGR197C	0.0
YGR198W	3.0
YGR199W	7.0
YGR200C	14.0
YGR201C	27.0
YGR202C	4.0
YGR203W	25.0
YGR204C-A	14.0
YGR204W	24.0
YGR205W	2.0
YGR206W	0.0
YGR207C	29.0
YGR208W	15.0
YGR209C	81.0
YGR210C	23.0
YGR211W	9.0
YGR212W	1.0
YGR213C	2.0
YGR214W	269.0
YGR215W	9.0
YGR216C	3.0
YGR217W	1.0
YGR218W	5.0
YGR219W	34.639
YGR220C	70.361
YGR221C	5.0
YGR222W	5.0
YGR223C	0.0
YGR224W	1.0
YGR225W	0.0
YGR226C	0.0
YGR227W	2.0
YGR228W	0.0
YGR229C	0.0
YGR230W	1.0
YGR231C	19.0
YGR232W	11.0
YGR233C	15.0
YGR234W	112.0
YGR235C	6.0
YGR236C	0.0
YGR237C	3.0
YGR238C	2.0
YGR239C	22.0
YGR240C	23.0
YGR240C-A	1.0
YGR241C	8.0
YGR242W	0.0
YGR243W	0.0
YGR244C	10.0
YGR245C	22.0
YGR246C	4.0
YGR247W	0.0
YGR248W	1.0
YGR249W	0.0
YGR250C	0.0
YGR251W	0.0
YGR252W	14.0
YGR253C	29.0
YGR254W	154.678
YGR255C	7.0
YGR256W	5.0
YGR257C	6.0
YGR258C	1.0
YGR259C	31.512
YGR260W	9.488
YGR261C	2.0
YGR262C	10.0
YGR263C	3.0
YGR264C	18.25
YGR265W	8.75
YGR266W	3.0
YGR267C	18.0
YGR268C	0.0
YGR269W	0.0
YGR270C-A	0.0
YGR270W	2.0
YGR271C-A	17.0
YGR271W	4.0
YGR273C	1.0
YGR274C	1.0
YGR275W	0.0
YGR276C	0.0
YGR277C	2.0
YGR278W	1.0
YGR279C	15.0
YGR280C	42.0
YGR281W	2.0
YGR282C	99.0
YGR283C	16.0
YGR284C	20.0
YGR285C	83.0
YGR286C	4.0
YGR287C	2.0
YGR288W	0.0
YGR289C	0.0
YGR290W	0.0
YGR291C	0.0
YGR292W	0.0
YGR293C	0.0
YGR294W	0.0
YGR295C	15.0
YGR296C-B	0.0
YGR296W	0.0
YHL001W	354.282
YHL002C-A	2.0
YHL002W	11.0
YHL003C	13.0
YHL004W	3.0
YHL005C	3.0
YHL006C	11.0
YHL006W-A	0.0
YHL007C	5.0
YHL008C	1.0
YHL009C	0.0
YHL010C	0.0
YHL011C	17.0
YHL012W	0.0
YHL013C	6.0
YHL014C	1.0
YHL015W	0.0
YHL015W-A	0.0
YHL016C	6.0
YHL017W	0.0
YHL018W	0.0
YHL019C	4.641
YHL019W-A	2.359
YHL020C	14.0
YHL021C	3.0
YHL022C	3.0
YHL023C	8.0
YHL024W	5.0
YHL025W	5.0
YHL026C	2.0
YHL027W	7.0
YHL028W	13.0
YHL029C	6.0
YHL030W	1.0
YHL030W-A	60.903
YHL031C	4.097
YHL032C	0.0
YHL033C	204.069
YHL034C	24.724
YHL034W-A	1.276
YHL035C	18.0
YHL036W	2.0
YHL037C	0.0
YHL038C	3.0
YHL039W	11.0
YHL040C	0.0
YHL041W	0.0
YHL042W	13.0
YHL043W	0.0
YHL044W	0.0
YHL045W	0.0
YHL046C	0.0
YHL046W-A	1.0
YHL047C	0.0
YHL048C-A	0.0
YHL048W	6.0
YHL049C	0.0
YHL050C	2.891
YHL050W-A	0.0
YHR001W	6.0
YHR001W-A	4.0
YHR002W	4.0
YHR003C	10.0
YHR004C	0.0
YHR005C	16.0
YHR005C-A	65.0
YHR006W	2.0
YHR007C	35.0
YHR007C-A	2.0
YHR008C	30.0
YHR009C	12.0
YHR010W	784.156
YHR011W	11.0
YHR012W	7.0
YHR013C	22.0
YHR014W	1.0
YHR015W	0.0
YHR016C	1.0
YHR017W	2.0
YHR018C	38.0
YHR019C	42.0
YHR020W	10.0
YHR021C	74.0
YHR021W-A	0.0
YHR022C	3.0
YHR022C-A	0.0
YHR023W	4.0
YHR024C	3.0
YHR025W	24.0
YHR026W	47.001
YHR027C	2.0
YHR028C	4.0
YHR028W-A	0.0
YHR029C	7.0
YHR030C	4.0
YHR031C	1.0
YHR032C-A	0.0
YHR032W	2.0
YHR032W-A	0.0
YHR033W	1.0
YHR034C	6.0
YHR035W	3.0
YHR036W	4.0
YHR037W	12.0
YHR038W	5.0
YHR039C	13.0
YHR039C-A	69.0
YHR040W	11.0
YHR041C	11.0
YHR042W	25.0
YHR043C	0.0
YHR044C	0.0
YHR045W	7.0
YHR046C	2.0
YHR047C	28.0
YHR048W	1.0
YHR049C-A	0.0
YHR049W	32.0
YHR050W	12.0
YHR050W-A	13.0
YHR051W	2.0
YHR052W	4.0
YHR052W-A	30.876
YHR054C	8.0
YHR055C	31.124
YHR056C	0.0
YHR056W-A	0.0
YHR057C	70.0
YHR058C	2.0
YHR059W	2.0
YHR060W	24.0
YHR061C	3.0
YHR062C	22.0
YHR063C	6.0
YHR063W-A	21.963
YHR064C	33.037
YHR065C	9.0
YHR066W	8.0
YHR067W	3.0
YHR068W	70.0
YHR069C	0.0
YHR069C-A	0.0
YHR070C-A	1.081
YHR070W	10.0
YHR071C-A	1.0
YHR071W	0.0
YHR072W	12.0
YHR072W-A	4.0
YHR073C-B	0.0
YHR073W	1.0
YHR073W-A	0.0
YHR074W	9.0
YHR075C	1.0
YHR076W	11.0
YHR077C	16.0
YHR078W	0.0
YHR079C	2.0
YHR079C-A	0.0
YHR080C	2.0
YHR081W	45.0
YHR082C	12.0
YHR083W	10.0
YHR084W	1.0
YHR085W	4.0
YHR086W	0.0
YHR086W-A	0.0
YHR087W	0.0
YHR088W	17.0
YHR089C	303.0
YHR090C	6.0
YHR091C	9.0
YHR092C	4.0
YHR093W	0.0
YHR094C	18.0
YHR095W	0.0
YHR096C	6.0
YHR097C	3.0
YHR098C	11.0
YHR099W	2.0
YHR100C	6.0
YHR101C	4.0
YHR102W	5.0
YHR103W	13.0
YHR104W	5.0
YHR105W	0.0
YHR106W	5.0
YHR107C	17.0
YHR108W	4.0
YHR109W	4.0
YHR110W	9.0
YHR111W	3.0
YHR112C	6.0
YHR113W	29.0
YHR114W	3.0
YHR115C	0.0
YHR116W	43.0
YHR117W	7.0
YHR118C	4.0
YHR119W	4.0
YHR120W	1.0
YHR121W	23.0
YHR122W	59.0
YHR123W	14.0
YHR124W	5.0
YHR125W	0.0
YHR126C	0.0
YHR127W	4.0
YHR128W	52.0
YHR129C	8.0
YHR130C	0.0
YHR131C	3.0
YHR131W-A	0.0
YHR132C	10.0
YHR132W-A	0.0
YHR133C	1.0
YHR134W	10.0
YHR135C	1.0
YHR136C	63.0
YHR137C-A	0.0
YHR137W	5.0
YHR138C	3.0
YHR139C	1.0
YHR139C-A	0.0
YHR140W	0.0
YHR141C	151.496
YHR142W	32.0
YHR143W	9.0
YHR143W-A	27.0
YHR144C	4.0
YHR145C	0.0
YHR146W	8.0
YHR147C	10.0
YHR148W	7.0
YHR149C	6.0
YHR150W	1.0
YHR151C	4.0
YHR152W	2.0
YHR153C	5.0
YHR154W	5.0
YHR155W	2.0
YHR156C	18.0
YHR157W	0.0
YHR158C	1.0
YHR159W	1.0
YHR160C	0.0
YHR161C	10.0
YHR162W	15.0
YHR163W	26.0
YHR164C	5.0
YHR165C	2.0
YHR165W-A	0.0
YHR166C	7.0
YHR167W	3.0
YHR168W	2.0
YHR169W	12.0
YHR170W	11.0
YHR171W	1.0
YHR172W	5.0
YHR173C	0.0
YHR174W	1573.322
YHR175W	39.0
YHR175W-A	7.0
YHR176W	2.0
YHR177W	0.0
YHR178W	5.0
YHR179W	40.0
YHR180C-B	0.0
YHR180W	4.0
YHR180W-A	0.0
YHR181W	47.0
YHR182C-A	15.304
YHR182W	3.0
YHR183W	26.696
YHR184W	1.0
YHR185C	0.0
YHR186C	2.0
YHR187W	3.0
YHR188C	10.0
YHR189W	1.0
YHR190W	23.0
YHR191C	12.0
YHR192W	21.0
YHR193C	132.0
YHR193C-A	0.0
YHR194W	4.0
YHR195W	3.0
YHR196W	11.0
YHR197W	21.0
YHR198C	5.0
YHR199C	18.0
YHR199C-A	4.0
YHR200W	239.0
YHR201C	29.0
YHR202W	2.0
YHR203C	82.433
YHR204W	10.0
YHR205W	12.0
YHR206W	0.0
YHR207C	0.0
YHR208W	13.0
YHR209W	13.0
YHR210C	3.0
YHR211W	1.0
YHR212W-A	0.0
YHR213W	0.0
YHR213W-A	0.0
YHR213W-B	0.0
YHR214C-D	1.0
YHR214C-E	0.0
YHR214W	0.5
YHR214W-A	0.0
YHR215W	29.0
YHR216W	4.0
YHR217C	0.0
YHR218W	6.489
YHR219C-A	0.0
YHR219W	0.0
YIL001W	3.0
YIL002C	10.0
YIL002W-A	15.0
YIL003W	12.0
YIL004C	9.0
YIL005W	8.0
YIL006W	0.0
YIL007C	1.0
YIL008W	25.0
YIL009C-A	4.0
YIL009W	14.0
YIL010W	14.0
YIL011W	12.0
YIL012W	0.0
YIL013C	4.0
YIL014C-A	3.0
YIL014W	5.0
YIL015W	1.0
YIL016W	15.0
YIL017C	5.0
YIL018W	275.827
YIL019W	11.0
YIL020C	6.0
YIL020C-A	129.996
YIL021C-A	0.0
YIL021W	16.004
YIL022W	30.0
YIL023C	13.0
YIL024C	0.0
YIL025C	0.0
YIL026C	10.0
YIL027C	7.0
YIL028W	0.0
YIL029C	1.0
YIL029W-A	0.0
YIL030C	13.0
YIL030W-A	0.0
YIL031W	0.0
YIL032C	0.0
YIL033C	2.0
YIL034C	16.0
YIL035C	18.0
YIL036W	4.0
YIL037C	5.0
YIL038C	2.0
YIL039W	15.0
YIL040W	12.0
YIL041W	88.0
YIL042C	2.0
YIL043C	108.0
YIL044C	7.0
YIL045W	0.0
YIL046W	3.0
YIL046W-A	0.0
YIL047C	7.117
YIL047C-A	2.883
YIL048W	5.0
YIL049W	10.0
YIL050W	2.0
YIL051C	108.643
YIL052C	333.0
YIL053W	192.0
YIL054W	0.0
YIL055C	0.0
YIL056W	13.0
YIL057C	0.0
YIL058W	2.0
YIL059C	2.982
YIL060W	7.018
YIL061C	2.0
YIL062C	16.0
YIL063C	5.0
YIL064W	92.0
YIL065C	9.0
YIL066C	0.0
YIL066W-A	0.0
YIL067C	2.0
YIL068C	3.0
YIL068W-A	0.0
YIL069C	333.79
YIL070C	9.0
YIL071C	6.0
YIL071W-A	0.0
YIL072W	2.0
YIL073C	4.0
YIL074C	8.0
YIL075C	32.0
YIL076W	20.0
YIL077C	2.0
YIL078W	79.0
YIL079C	10.0
YIL082W	3.0
YIL083C	2.0
YIL084C	3.0
YIL085C	11.0
YIL086C	0.0
YIL087C	5.0
YIL088C	9.0
YIL089W	0.0
YIL090W	5.0
YIL091C	14.0
YIL092W	1.0
YIL093C	12.0
YIL094C	82.0
YIL095W	5.0
YIL096C	4.0
YIL097W	0.0
YIL098C	23.0
YIL099W	3.0
YIL100C-A	0.0
YIL100W	0.0
YIL101C	1.0
YIL102C	0.0
YIL102C-A	5.0
YIL103W	25.0
YIL104C	10.0
YIL105C	1.0
YIL105W-A	0.0
YIL106W	4.0
YIL107C	3.0
YIL108W	4.0
YIL109C	19.0
YIL110W	5.0
YIL111W	3.0
YIL112W	13.0
YIL113W	0.0
YIL114C	2.0
YIL115C	4.0
YIL115W-A	1.0
YIL116W	0.0
YIL117C	1.0
YIL118W	5.0
YIL119C	119.0
YIL120W	16.0
YIL121W	15.0
YIL122W	0.0
YIL123W	22.0
YIL124W	35.0
YIL125W	5.0
YIL126W	33.0
YIL127C	35.0
YIL128W	2.0
YIL129C	2.0
YIL130W	0.0
YIL131C	0.0
YIL132C	4.0
YIL133C	208.0
YIL134C-A	2.0
YIL134W	16.0
YIL135C	2.0
YIL136W	20.0
YIL137C	5.0
YIL138C	13.0
YIL139C	5.0
YIL140W	8.0
YIL141W	0.0
YIL142C-A	29.994
YIL142W	2.006
YIL143C	1.0
YIL144W	1.0
YIL145C	6.0
YIL146C	3.0
YIL147C	2.0
YIL148W	720.0
YIL149C	3.0
YIL150C	0.0
YIL151C	0.0
YIL152W	15.0
YIL153W	3.0
YIL154C	11.0
YIL155C	3.0
YIL156W	1.0
YIL156W-A	19.82
YIL156W-B	32.0
YIL157C	3.18
YIL158W	17.0
YIL159W	11.0
YIL160C	0.0
YIL161W	4.0
YIL162W	34.0
YIL163C	0.0
YIL164C	0.0
YIL165C	0.0
YIL166C	5.0
YIL169C	3.0
YIL170W	1.0
YIL171W	0.0
YIL173W	0.0
YIL175W	0.0
YIL177C	5.173
YIL177W-A	0.0
YIR001C	1.0
YIR002C	1.0
YIR003W	7.0
YIR004W	13.0
YIR005W	0.0
YIR006C	11.0
YIR007W	1.0
YIR008C	6.0
YIR009W	1.0
YIR010W	3.0
YIR011C	2.0
YIR012W	15.0
YIR013C	0.0
YIR014W	0.0
YIR015W	3.0
YIR016W	4.0
YIR017C	0.0
YIR017W-A	7.0
YIR018C-A	0.0
YIR018W	0.0
YIR019C	6.0
YIR020C	0.0
YIR020C-B	34.839
YIR020W-A	0.0
YIR021W	2.161
YIR021W-A	0.0
YIR022W	28.0
YIR023C-A	3.927
YIR023W	1.073
YIR024C	1.0
YIR025W	2.0
YIR026C	30.0
YIR027C	4.0
YIR028W	0.0
YIR029W	1.0
YIR030C	2.0
YIR030W-A	3.0
YIR031C	0.0
YIR032C	2.0
YIR033W	1.0
YIR034C	12.0
YIR035C	32.0
YIR036C	3.013
YIR036W-A	19.987
YIR037W	43.0
YIR038C	6.0
YIR039C	1.0
YIR040C	0.0
YIR041W	0.0
YIR042C	0.0
YJL001W	40.0
YJL002C	15.0
YJL003W	10.0
YJL004C	15.0
YJL005W	9.0
YJL006C	4.0
YJL007C	0.0
YJL008C	15.0
YJL009W	0.0
YJL010C	2.0
YJL011C	8.0
YJL012C	26.0
YJL013C	2.0
YJL014W	17.0
YJL015C	2.0
YJL016W	1.0
YJL019W	5.0
YJL020C	3.0
YJL020W-A	0.0
YJL022W	2.0
YJL023C	0.0
YJL024C	3.0
YJL025W	8.0
YJL026C-A	0.0
YJL026W	29.0
YJL027C	0.0
YJL028W	0.0
YJL029C	4.0
YJL030W	5.0
YJL031C	1.065
YJL032W	0.935
YJL033W	6.0
YJL034W	44.0
YJL035C	13.0
YJL036W	2.0
YJL037W	4.0
YJL038C	3.0
YJL039C	11.0
YJL041W	3.0
YJL042W	2.0
YJL043W	1.0
YJL044C	14.0
YJL045W	1.0
YJL046W	6.0
YJL047C	2.0
YJL047C-A	1.0
YJL048C	16.0
YJL049W	0.0
YJL050W	1.0
YJL051W	2.0
YJL052C-A	0.0
YJL052W	8.087
YJL053W	2.0
YJL054W	3.0
YJL055W	34.0
YJL056C	0.0
YJL057C	9.0
YJL058C	2.0
YJL059W	6.0
YJL060W	5.0
YJL061W	7.0
YJL062W	12.0
YJL062W-A	5.0
YJL063C	5.0
YJL064W	14.0
YJL065C	0.0
YJL066C	13.0
YJL067W	0.0
YJL068C	11.0
YJL069C	21.0
YJL070C	1.0
YJL071W	0.0
YJL072C	5.0
YJL073W	7.0
YJL074C	0.0
YJL075C	0.0
YJL076W	9.0
YJL077C	10.0
YJL077W-A	0.0
YJL077W-B	0.0
YJL078C	14.0
YJL079C	7.0
YJL080C	10.0
YJL081C	8.0
YJL082W	1.0
YJL083W	7.0
YJL084C	1.0
YJL085W	7.0
YJL086C	1.0
YJL087C	1.0
YJL088W	9.0
YJL089W	0.0
YJL090C	2.0
YJL091C	4.0
YJL092W	0.0
YJL093C	0.0
YJL094C	6.0
YJL095W	7.0
YJL096W	27.0
YJL097W	20.0
YJL098W	0.0
YJL099W	6.0
YJL100W	10.0
YJL101C	5.0
YJL102W	1.0
YJL103C	0.0
YJL104W	25.0
YJL105W	1.0
YJL106W	0.0
YJL107C	0.0
YJL108C	0.0
YJL109C	26.0
YJL110C	8.0
YJL111W	25.0
YJL112W	12.0
YJL115W	12.0
YJL116C	1.0
YJL117W	50.0
YJL118W	14.655
YJL119C	49.345
YJL120W	40.0
YJL121C	19.0
YJL122W	41.0
YJL123C	16.0
YJL124C	20.0
YJL125C	5.0
YJL126W	2.0
YJL127C	0.0
YJL127C-B	1.0
YJL127W-A	0.0
YJL128C	0.0
YJL129C	6.0
YJL130C	23.0
YJL131C	1.0
YJL132W	0.0
YJL133C-A	12.0
YJL133W	10.0
YJL134W	6.0
YJL135W	0.0
YJL136C	297.0
YJL136W-A	0.0
YJL137C	4.0
YJL138C	54.829
YJL139C	1.0
YJL140W	6.0
YJL141C	2.0
YJL142C	4.0
YJL143W	133.0
YJL144W	0.0
YJL145W	6.0
YJL146W	2.0
YJL147C	5.0
YJL148W	111.0
YJL149W	5.0
YJL150W	0.0
YJL151C	63.149
YJL152W	146.851
YJL153C	1.0
YJL154C	8.0
YJL155C	0.0
YJL156C	4.0
YJL156W-A	1.0
YJL157C	3.0
YJL158C	121.0
YJL159W	81.0
YJL160C	0.0
YJL161W	13.0
YJL162C	0.0
YJL163C	4.0
YJL164C	3.0
YJL165C	2.0
YJL166W	6.0
YJL167W	30.0
YJL168C	11.0
YJL169W	3.0
YJL170C	1.0
YJL171C	15.0
YJL172W	0.0
YJL173C	13.0
YJL174W	15.0
YJL175W	0.0
YJL176C	2.0
YJL177W	288.0
YJL178C	13.0
YJL179W	17.0
YJL180C	1.0
YJL181W	3.0
YJL182C	2.0
YJL183W	25.0
YJL184W	14.0
YJL185C	0.0
YJL186W	19.0
YJL187C	1.0
YJL188C	0.0
YJL189W	3.0
YJL190C	143.0
YJL191W	486.0
YJL192C	16.0
YJL193W	1.0
YJL194W	0.0
YJL195C	4.0
YJL196C	17.0
YJL197C-A	0.0
YJL197W	2.0
YJL198W	9.0
YJL199C	5.0
YJL200C	3.0
YJL201W	0.0
YJL202C	1.548
YJL203W	14.452
YJL204C	5.0
YJL205C	4.0
YJL206C	1.0
YJL207C	40.0
YJL208C	5.0
YJL209W	0.0
YJL210W	4.025
YJL211C	46.975
YJL212C	5.0
YJL213W	1.0
YJL214W	2.0
YJL215C	1.0
YJL216C	2.0
YJL217W	32.0
YJL218W	0.0
YJL219W	2.0
YJL220W	0.0
YJL221C	1.5
YJL222W	0.0
YJL222W-A	0.0
YJL222W-B	0.0
YJL223C	0.0
YJL225C	5.173
YJR001W	6.0
YJR002W	2.0
YJR003C	8.0
YJR004C	3.0
YJR005C-A	0.0
YJR005W	0.0
YJR006W	3.0
YJR007W	7.0
YJR008W	0.0
YJR009C	691.334
YJR010C-A	0.0
YJR010W	1.0
YJR011C	5.0
YJR012C	13.0
YJR013W	12.0
YJR014W	17.0
YJR015W	15.0
YJR016C	4.0
YJR017C	2.051
YJR018W	33.949
YJR019C	1.003
YJR020W	10.997
YJR021C	2.0
YJR022W	0.0
YJR023C	0.0
YJR024C	0.0
YJR025C	5.0
YJR030C	1.0
YJR031C	3.0
YJR032W	2.0
YJR033C	1.0
YJR034W	2.0
YJR035W	9.0
YJR036C	0.0
YJR037W	0.0
YJR038C	0.0
YJR039W	1.0
YJR040W	0.0
YJR041C	4.0
YJR042W	7.0
YJR043C	3.0
YJR044C	7.0
YJR045C	24.0
YJR046W	10.0
YJR047C	5.0
YJR048W	32.0
YJR049C	10.0
YJR050W	2.0
YJR051W	14.0
YJR052W	1.0
YJR053W	0.0
YJR054W	7.0
YJR055W	1.0
YJR056C	0.0
YJR057W	4.0
YJR058C	27.0
YJR059W	0.0
YJR060W	9.0
YJR061W	5.0
YJR062C	2.0
YJR063W	14.0
YJR064W	34.0
YJR065C	15.0
YJR066W	5.0
YJR067C	7.0
YJR068W	4.0
YJR069C	30.0
YJR070C	64.203
YJR071W	342.797
YJR072C	16.0
YJR073C	16.0
YJR074W	124.0
YJR075W	13.0
YJR076C	3.0
YJR077C	14.0
YJR078W	0.0
YJR079W	4.0
YJR080C	5.0
YJR082C	2.0
YJR083C	1.0
YJR084W	3.0
YJR085C	15.0
YJR086W	3.0
YJR087W	1.0
YJR088C	5.0
YJR089W	3.0
YJR090C	9.0
YJR091C	0.0
YJR092W	8.0
YJR093C	18.0
YJR094C	0.0
YJR094W-A	280.0
YJR095W	0.0
YJR096W	4.0
YJR097W	1.0
YJR098C	0.0
YJR099W	3.0
YJR100C	7.0
YJR101W	3.0
YJR102C	3.0
YJR103W	7.0
YJR104C	401.063
YJR105W	91.0
YJR106W	1.0
YJR107W	3.0
YJR108W	6.0
YJR109C	18.0
YJR110W	0.0
YJR111C	3.0
YJR112W	7.0
YJR112W-A	11.0
YJR113C	2.02
YJR114W	52.98
YJR115W	1.0
YJR116W	5.0
YJR117W	4.0
YJR118C	1.0
YJR119C	0.0
YJR120W	7.0
YJR121W	34.0
YJR122W	12.0
YJR123W	637.0
YJR124C	10.0
YJR125C	0.0
YJR126C	9.0
YJR127C	20.0
YJR128W	0.0
YJR129C	0.0
YJR130C	11.0
YJR131W	1.0
YJR132W	25.0
YJR133W	1.0
YJR134C	1.0
YJR135C	8.0
YJR135W-A	13.0
YJR136C	1.0
YJR137C	4.0
YJR138W	2.0
YJR139C	43.0
YJR140C	5.0
YJR140W-A	0.0
YJR141W	9.0
YJR142W	13.0
YJR143C	4.0
YJR144W	21.0
YJR145C	240.567
YJR146W	12.0
YJR147W	19.0
YJR148W	25.0
YJR149W	0.0
YJR150C	1.0
YJR151C	1.0
YJR151W-A	0.0
YJR152W	0.0
YJR153W	3.0
YJR154W	0.0
YJR155W	0.0
YJR156C	1.0
YJR157W	0.0
YJR158W	0.0
YJR159W	0.5
YJR160C	0.0
YJR161C	0.0
YJR162C	0.0
YKL001C	9.0
YKL002W	45.0
YKL003C	18.0
YKL004W	1.0
YKL005C	1.0
YKL006C-A	52.0
YKL006W	226.562
YKL007W	18.0
YKL008C	13.0
YKL009W	13.0
YKL010C	29.0
YKL011C	7.0
YKL012W	13.0
YKL013C	19.0
YKL014C	3.0
YKL015W	1.0
YKL016C	6.0
YKL017C	0.0
YKL018C-A	41.0
YKL018W	3.0
YKL019W	2.0
YKL020C	11.0
YKL021C	18.0
YKL022C	2.0
YKL023C-A	20.0
YKL023W	4.0
YKL024C	3.0
YKL025C	0.0
YKL026C	2.0
YKL027W	5.0
YKL028W	9.0
YKL029C	1.0
YKL030W	3.0
YKL031W	3.0
YKL032C	8.0
YKL033W	0.0
YKL033W-A	25.0
YKL034W	3.0
YKL035W	16.0
YKL036C	19.0
YKL037W	2.0
YKL038W	7.0
YKL039W	7.0
YKL040C	17.0
YKL041W	21.0
YKL042W	7.0
YKL043W	0.0
YKL044W	1.0
YKL045W	3.0
YKL046C	56.0
YKL047W	1.0
YKL048C	3.0
YKL049C	2.0
YKL050C	0.0
YKL051W	43.0
YKL052C	24.49
YKL053C-A	9.0
YKL053W	18.51
YKL054C	1.0
YKL055C	4.0
YKL056C	272.0
YKL057C	9.0
YKL058W	13.0
YKL059C	1.0
YKL060C	615.0
YKL061W	2.0
YKL062W	1.0
YKL063C	8.0
YKL064W	1.0
YKL065C	31.0
YKL065W-A	0.0
YKL066W	90.0
YKL067W	28.0
YKL068W	0.0
YKL068W-A	7.0
YKL069W	23.0
YKL070W	0.0
YKL071W	1.0
YKL072W	1.0
YKL073W	5.0
YKL074C	5.0
YKL075C	7.0
YKL076C	5.0
YKL077W	13.0
YKL078W	16.0
YKL079W	2.0
YKL080W	22.0
YKL081W	212.0
YKL082C	9.554
YKL083W	10.446
YKL084W	1.0
YKL085W	37.0
YKL086W	2.0
YKL087C	1.0
YKL088W	6.0
YKL089W	3.0
YKL090W	25.0
YKL091C	0.0
YKL092C	0.0
YKL093W	3.0
YKL094W	13.0
YKL095W	0.0
YKL096C-B	0.0
YKL096W	98.0
YKL096W-A	232.0
YKL097C	0.0
YKL098W	7.0
YKL099C	5.0
YKL100C	8.0
YKL100W-A	0.0
YKL101W	4.0
YKL102C	0.0
YKL103C	4.0
YKL104C	5.0
YKL105C	14.0
YKL106C-A	0.0
YKL106W	1.0
YKL107W	0.0
YKL108W	1.0
YKL109W	2.0
YKL110C	2.0
YKL111C	1.571
YKL112W	3.429
YKL113C	4.0
YKL114C	8.0
YKL115C	0.0
YKL116C	8.0
YKL117W	90.0
YKL118W	31.0
YKL119C	14.0
YKL120W	9.0
YKL121W	2.0
YKL122C	19.0
YKL123W	0.0
YKL124W	0.0
YKL125W	19.0
YKL126W	2.0
YKL127W	9.0
YKL128C	4.0
YKL129C	1.0
YKL130C	2.0
YKL131W	3.0
YKL132C	0.0
YKL133C	0.0
YKL134C	1.0
YKL135C	1.338
YKL136W	2.662
YKL137W	20.0
YKL138C	3.0
YKL138C-A	0.0
YKL139W	0.0
YKL140W	3.0
YKL141W	21.0
YKL142W	3.0
YKL143W	4.0
YKL144C	4.0
YKL145W	7.0
YKL145W-A	0.0
YKL146W	10.0
YKL147C	9.0
YKL148C	0.0
YKL149C	3.0
YKL150W	2.0
YKL151C	0.0
YKL152C	1414.076
YKL153W	172.262
YKL154W	7.0
YKL155C	4.0
YKL156C-A	8.646
YKL156W	48.253
YKL157W	22.0
YKL159C	5.0
YKL160W	19.0
YKL161C	2.0
YKL162C	0.0
YKL162C-A	0.0
YKL163W	1.0
YKL164C	13.0
YKL165C	6.0
YKL165C-A	3.0
YKL166C	6.0
YKL167C	10.0
YKL168C	7.0
YKL169C	0.0
YKL170W	8.0
YKL171W	0.0
YKL172W	47.0
YKL173W	5.0
YKL174C	4.0
YKL175W	19.0
YKL176C	0.0
YKL177W	0.0
YKL178C	0.0
YKL179C	6.0
YKL180W	494.0
YKL181W	35.0
YKL182W	16.0
YKL183C-A	0.0
YKL183W	11.0
YKL184W	19.0
YKL185W	14.0
YKL186C	20.0
YKL187C	1.0
YKL188C	2.0
YKL189W	2.0
YKL190W	10.0
YKL191W	3.0
YKL192C	62.0
YKL193C	0.0
YKL194C	2.0
YKL195W	57.0
YKL196C	16.0
YKL197C	2.0
YKL198C	19.0
YKL201C	5.0
YKL202W	0.0
YKL203C	4.0
YKL204W	11.0
YKL205W	16.0
YKL206C	7.0
YKL207W	31.0
YKL208W	5.0
YKL209C	0.0
YKL210W	1.0
YKL211C	1.0
YKL212W	1.0
YKL213C	2.0
YKL214C	3.0
YKL215C	1.0
YKL216W	5.0
YKL217W	1.0
YKL218C	4.0
YKL219W	13.0
YKL220C	2.0
YKL221W	0.0
YKL222C	1.0
YKL223W	0.0
YKL224C	0.0
YKL225W	0.0
YKR001C	10.0
YKR002W	2.0
YKR003W	0.0
YKR004C	6.0
YKR005C	0.0
YKR006C	2.0
YKR007W	3.0
YKR008W	0.0
YKR009C	3.0
YKR010C	6.0
YKR011C	3.0
YKR012C	58.99
YKR013W	16.01
YKR014C	8.0
YKR015C	2.0
YKR016W	4.0
YKR017C	2.0
YKR018C	11.0
YKR019C	3.0
YKR020W	4.0
YKR021W	2.0
YKR022C	2.0
YKR023W	4.0
YKR024C	10.0
YKR025W	13.0
YKR026C	5.0
YKR027W	14.0
YKR028W	0.0
YKR029C	0.0
YKR030W	7.0
YKR031C	1.0
YKR032W	0.0
YKR033C	0.0
YKR034W	0.0
YKR035C	2.0
YKR035W-A	0.0
YKR036C	1.0
YKR037C	4.0
YKR038C	4.0
YKR039W	0.0
YKR040C	4.92
YKR041W	2.08
YKR042W	25.0
YKR043C	33.0
YKR044W	5.0
YKR045C	0.0
YKR046C	23.0
YKR047W	35.0
YKR048C	18.0
YKR049C	1.0
YKR050W	0.0
YKR051W	2.0
YKR052C	6.0
YKR053C	13.0
YKR054C	2.0
YKR055W	1.0
YKR056W	1.0
YKR057W	338.0
YKR058W	1.0
YKR059W	68.171
YKR060W	2.0
YKR061W	5.0
YKR062W	4.0
YKR063C	13.0
YKR064W	18.0
YKR065C	12.0
YKR066C	25.0
YKR067W	3.0
YKR068C	8.0
YKR069W	5.0
YKR070W	31.0
YKR071C	10.0
YKR072C	7.0
YKR073C	0.0
YKR074W	153.0
YKR075C	5.0
YKR075W-A	0.0
YKR076W	1.0
YKR077W	1.0
YKR078W	0.0
YKR079C	7.0
YKR080W	2.0
YKR081C	9.0
YKR082W	15.0
YKR083C	2.0
YKR084C	11.0
YKR085C	18.0
YKR086W	6.0
YKR087C	4.0
YKR088C	5.0
YKR089C	6.0
YKR090W	5.0
YKR091W	1.0
YKR092C	4.0
YKR093W	7.0
YKR094C	353.954
YKR095W	4.0
YKR095W-A	5.0
YKR096W	2.0
YKR097W	6.0
YKR098C	2.0
YKR099W	15.0
YKR100C	3.0
YKR101W	7.0
YKR102W	0.0
YKR103W	2.0
YKR104W	0.0
YKR105C	0.0
YKR106W	10.0
YLL001W	7.0
YLL002W	3.0
YLL003W	2.0
YLL004W	4.0
YLL005C	1.0
YLL006W	3.0
YLL006W-A	0.0
YLL007C	1.0
YLL008W	27.0
YLL009C	7.0
YLL010C	4.0
YLL011W	6.0
YLL012W	6.0
YLL013C	7.0
YLL014W	8.0
YLL015W	4.0
YLL016W	1.0
YLL017W	0.0
YLL018C	31.0
YLL018C-A	28.0
YLL019C	2.0
YLL019W-A	0.0
YLL020C	0.0
YLL021W	14.0
YLL022C	17.0
YLL023C	26.0
YLL024C	900.38
YLL025W	0.0
YLL026W	2.0
YLL027W	7.0
YLL028W	2.0
YLL029W	8.0
YLL030C	0.0
YLL031C	19.0
YLL032C	4.0
YLL033W	5.0
YLL034C	3.0
YLL035W	5.0
YLL036C	0.0
YLL037W	3.0
YLL038C	0.0
YLL039C	0.0
YLL040C	5.0
YLL041C	1.0
YLL042C	4.0
YLL043W	1.0
YLL044W	752.717
YLL045C	46.221
YLL046C	0.0
YLL047W	0.0
YLL048C	3.0
YLL049W	0.0
YLL050C	540.0
YLL051C	4.0
YLL052C	2.0
YLL053C	0.0
YLL054C	2.0
YLL055W	0.0
YLL056C	4.0
YLL057C	4.0
YLL058W	5.0
YLL059C	1.0
YLL060C	0.0
YLL061W	7.0
YLL062C	0.0
YLL063C	6.0
YLL065W	0.0
YLL066C	3.554
YLL066W-B	0.0
YLL067C	0.0
YLR001C	1.0
YLR002C	6.0
YLR003C	2.0
YLR004C	5.0
YLR005W	3.0
YLR006C	0.0
YLR007W	31.0
YLR008C	5.0
YLR009W	13.0
YLR010C	0.0
YLR011W	1.0
YLR012C	0.0
YLR013W	0.0
YLR014C	0.0
YLR015W	1.0
YLR016C	7.0
YLR017W	97.0
YLR018C	14.0
YLR019W	1.0
YLR020C	4.0
YLR021W	3.0
YLR022C	21.0
YLR023C	3.0
YLR024C	4.0
YLR025W	5.0
YLR026C	7.0
YLR027C	74.919
YLR028C	12.0
YLR029C	130.912
YLR030W	0.0
YLR031W	2.0
YLR032W	5.0
YLR033W	11.0
YLR034C	6.0
YLR035C	5.0
YLR036C	3.0
YLR037C	2.0
YLR038C	13.0
YLR039C	5.0
YLR040C	0.0
YLR041W	0.0
YLR042C	0.0
YLR043C	181.0
YLR044C	353.0
YLR045C	3.0
YLR046C	0.0
YLR047C	0.0
YLR048W	433.0
YLR049C	3.0
YLR050C	7.0
YLR051C	5.0
YLR052W	2.0
YLR053C	1.0
YLR054C	0.0
YLR055C	40.0
YLR056W	33.0
YLR057W	0.0
YLR058C	20.0
YLR059C	40.0
YLR060W	9.0
YLR061W	351.209
YLR062C	48.791
YLR063W	10.0
YLR064W	7.0
YLR065C	21.0
YLR066W	10.0
YLR067C	0.0
YLR068W	3.0
YLR069C	6.0
YLR070C	13.0
YLR071C	6.0
YLR072W	5.0
YLR073C	29.0
YLR074C	40.0
YLR075W	312.727
YLR076C	4.273
YLR077W	8.0
YLR078C	12.0
YLR079W	3.0
YLR080W	1.0
YLR081W	4.0
YLR082C	10.0
YLR083C	9.0
YLR084C	2.0
YLR085C	4.0
YLR086W	2.0
YLR087C	3.0
YLR088W	5.0
YLR089C	3.0
YLR090W	2.0
YLR091W	2.0
YLR092W	2.0
YLR093C	6.0
YLR094C	13.0
YLR095C	8.0
YLR096W	0.0
YLR097C	3.0
YLR098C	8.0
YLR099C	1.0
YLR099W-A	5.0
YLR100W	12.014
YLR101C	56.986
YLR102C	1.0
YLR103C	1.0
YLR104W	14.0
YLR105C	3.0
YLR106C	13.0
YLR107W	12.0
YLR108C	1.0
YLR109W	316.0
YLR110C	2250.0
YLR111W	0.0
YLR112W	7.0
YLR113W	12.0
YLR114C	2.0
YLR115W	0.0
YLR116W	3.0
YLR117C	5.0
YLR118C	37.0
YLR119W	9.0
YLR120C	2.0
YLR120W-A	0.0
YLR121C	9.0
YLR122C	3.0
YLR123C	0.0
YLR124W	4.0
YLR125W	0.0
YLR126C	6.0
YLR127C	22.0
YLR128W	6.0
YLR129W	15.0
YLR130C	2.0
YLR131C	4.0
YLR132C	1.0
YLR133W	0.0
YLR134W	0.0
YLR135W	0.0
YLR136C	3.0
YLR137W	2.0
YLR138W	7.0
YLR139C	4.0
YLR140W	17.0
YLR141W	23.0
YLR142W	0.0
YLR143W	7.0
YLR144C	2.0
YLR145W	11.0
YLR146C	10.0
YLR146W-A	1.0
YLR147C	10.0
YLR148W	0.0
YLR149C	0.0
YLR149C-A	0.0
YLR150W	92.0
YLR151C	13.0
YLR152C	1.0
YLR153C	23.0
YLR154C	2.0
YLR154C-G	29.0
YLR154W-A	10.0
YLR154W-B	58.0
YLR154W-C	6636.273
YLR154W-E	3842.701
YLR154W-F	1.0
YLR156W	0.0
YLR157W-D	1.0
YLR157W-E	1.0
YLR158C	137.0
YLR159C-A	0.0
YLR162W	0.0
YLR162W-A	0.0
YLR163C	2.0
YLR163W-A	0.0
YLR164W	4.0
YLR165C	13.0
YLR166C	5.0
YLR167W	231.0
YLR168C	0.0
YLR169W	2.0
YLR170C	0.0
YLR171W	71.0
YLR172C	42.0
YLR173W	5.0
YLR174W	3.0
YLR175W	219.0
YLR176C	0.0
YLR177W	4.0
YLR178C	6.0
YLR179C	19.0
YLR180W	66.0
YLR181C	11.0
YLR182W	2.0
YLR183C	1.0
YLR184W	0.0
YLR185W	473.0
YLR186W	13.0
YLR187W	1.0
YLR188W	14.0
YLR189C	0.0
YLR190W	0.0
YLR191W	14.0
YLR192C	47.0
YLR193C	4.0
YLR194C	11.0
YLR195C	21.0
YLR196W	11.0
YLR197W	42.037
YLR198C	100.963
YLR199C	5.0
YLR200W	7.0
YLR201C	9.0
YLR202C	7.0
YLR203C	28.0
YLR204W	7.0
YLR205C	0.0
YLR206W	3.0
YLR207W	1.0
YLR208W	16.0
YLR209C	17.0
YLR210W	3.0
YLR211C	1.0
YLR212C	0.0
YLR213C	8.0
YLR214W	18.0
YLR215C	7.0
YLR216C	10.283
YLR217W	12.717
YLR218C	11.0
YLR219W	0.0
YLR220W	27.0
YLR221C	7.0
YLR222C	10.0
YLR222C-A	0.0
YLR223C	7.0
YLR224W	6.0
YLR225C	0.0
YLR226W	1.0
YLR227C	13.0
YLR228C	6.0
YLR229C	1.145
YLR230W	20.855
YLR231C	9.149
YLR232W	7.851
YLR233C	0.0
YLR234W	0.0
YLR235C	0.0
YLR236C	0.0
YLR237W	2.0
YLR238W	12.0
YLR239C	16.0
YLR240W	3.0
YLR241W	1.0
YLR242C	3.0
YLR243W	3.0
YLR244C	128.0
YLR245C	9.0
YLR246W	3.0
YLR247C	1.0
YLR248W	10.0
YLR249W	60.0
YLR250W	3.0
YLR251W	3.0
YLR252W	1.0
YLR253W	7.0
YLR254C	8.0
YLR255C	1.0
YLR256W	32.0
YLR257W	5.0
YLR258W	9.0
YLR259C	61.0
YLR260W	14.0
YLR261C	1.0
YLR262C	0.0
YLR262C-A	29.0
YLR263W	5.0
YLR264C-A	6.0
YLR264W	37.0
YLR265C	9.0
YLR266C	1.0
YLR267W	3.0
YLR268W	6.0
YLR269C	17.0
YLR270W	0.0
YLR271W	5.0
YLR272C	0.0
YLR273C	0.0
YLR274W	4.0
YLR275W	3.0
YLR276C	7.0
YLR277C	1.0
YLR278C	6.0
YLR279W	2.0
YLR280C	0.0
YLR281C	0.0
YLR282C	12.766
YLR283W	8.234
YLR284C	0.0
YLR285C-A	14.0
YLR285W	14.0
YLR286C	74.409
YLR286W-A	4.591
YLR287C	8.0
YLR287C-A	242.0
YLR288C	14.0
YLR289W	1.0
YLR290C	5.0
YLR291C	10.0
YLR292C	15.0
YLR293C	94.0
YLR294C	42.0
YLR295C	8.0
YLR296W	0.0
YLR297W	0.0
YLR298C	5.0
YLR299C-A	0.0
YLR299W	4.0
YLR300W	20.0
YLR301W	18.0
YLR302C	0.0
YLR303W	8.0
YLR304C	16.0
YLR305C	12.0
YLR306W	4.0
YLR307C-A	0.0
YLR307W	0.0
YLR308W	0.0
YLR309C	86.0
YLR310C	10.0
YLR311C	1.0
YLR312C	0.0
YLR312W-A	30.0
YLR313C	0.0
YLR314C	9.0
YLR315W	7.0
YLR316C	12.0
YLR317W	0.0
YLR318W	1.0
YLR319C	2.0
YLR320W	5.0
YLR321C	9.0
YLR322W	12.0
YLR323C	7.0
YLR324W	5.0
YLR325C	269.0
YLR326W	6.0
YLR327C	0.0
YLR328W	8.0
YLR329W	0.0
YLR330W	5.0
YLR331C	1.827
YLR332W	1.173
YLR333C	77.0
YLR334C	0.0
YLR335W	24.0
YLR336C	13.0
YLR337C	4.0
YLR338W	0.0
YLR339C	3352.48
YLR340W	143.438
YLR341W	12.0
YLR342W	36.0
YLR342W-A	0.0
YLR343W	0.0
YLR344W	532.0
YLR345W	0.0
YLR346C	0.0
YLR347C	11.0
YLR347W-A	0.0
YLR348C	15.147
YLR349W	27.853
YLR350W	2.0
YLR351C	14.0
YLR352W	5.0
YLR353W	13.0
YLR354C	21.0
YLR355C	166.0
YLR356W	6.0
YLR357W	4.0
YLR358C	0.0
YLR359W	12.0
YLR360W	5.0
YLR361C	11.0
YLR361C-A	7.0
YLR362W	1.0
YLR363C	3.0
YLR363W-A	6.0
YLR364C-A	0.0
YLR364W	7.0
YLR365W	0.0
YLR366W	0.0
YLR367W	30.0
YLR368W	1.0
YLR369W	0.0
YLR370C	79.0
YLR371W	14.0
YLR372W	34.0
YLR373C	0.0
YLR374C	20.999
YLR375W	1.001
YLR376C	0.0
YLR377C	1.0
YLR378C	6.078
YLR379W	4.922
YLR380W	11.0
YLR381W	2.0
YLR382C	0.0
YLR383W	1.0
YLR384C	12.0
YLR385C	0.0
YLR386W	7.0
YLR387C	2.0
YLR388W	60.0
YLR389C	3.0
YLR390W	18.0
YLR390W-A	121.0
YLR392C	2.0
YLR393W	0.0
YLR394W	7.0
YLR395C	12.0
YLR396C	1.0
YLR397C	9.0
YLR398C	11.0
YLR399C	70.0
YLR399W-A	0.0
YLR400W	16.0
YLR401C	8.0
YLR402W	2.0
YLR403W	0.0
YLR404W	4.0
YLR405W	13.0
YLR406C	212.0
YLR406C-A	1.0
YLR407W	9.0
YLR408C	4.0
YLR409C	5.0
YLR410W	1.0
YLR411W	10.0
YLR412C-A	0.0
YLR412W	2.0
YLR413W	42.0
YLR414C	11.0
YLR415C	0.0
YLR416C	0.0
YLR417W	0.0
YLR418C	7.0
YLR419W	1.0
YLR420W	13.0
YLR421C	57.0
YLR422W	6.0
YLR423C	1.0
YLR424W	0.0
YLR425W	2.0
YLR426W	5.0
YLR427W	0.0
YLR428C	13.0
YLR429W	8.0
YLR430W	6.0
YLR431C	1.0
YLR432W	19.725
YLR433C	6.0
YLR434C	70.0
YLR435W	14.0
YLR436C	2.0
YLR437C	14.0
YLR437C-A	27.998
YLR438C-A	14.0
YLR438W	2.002
YLR439W	4.0
YLR440C	21.0
YLR441C	136.0
YLR442C	0.0
YLR443W	1.0
YLR444C	0.0
YLR445W	0.0
YLR446W	25.0
YLR447C	410.0
YLR448W	153.0
YLR449W	10.0
YLR450W	12.0
YLR451W	3.0
YLR452C	0.0
YLR453C	0.0
YLR454W	2.0
YLR455W	5.0
YLR456W	3.0
YLR457C	2.0
YLR458W	0.0
YLR459W	2.0
YLR460C	0.0
YLR461W	0.0
YLR462W	0.0
YLR463C	0.0
YLR465C	0.0
YLR466C-B	0.0
YLR466W	30.25
YLR467C-A	0.0
YML001W	21.0
YML002W	6.0
YML003W	0.0
YML004C	30.0
YML005W	6.0
YML006C	6.0
YML007C-A	0.0
YML007W	12.0
YML008C	40.0
YML009C	5.0
YML009C-A	2.0
YML009W-B	0.0
YML010W	8.0
YML011C	2.0
YML012C-A	0.0
YML012W	216.988
YML013W	8.012
YML014W	5.0
YML015C	5.0
YML016C	0.0
YML017W	0.0
YML018C	0.0
YML019W	10.0
YML020W	2.0
YML021C	11.0
YML022W	41.0
YML023C	2.0
YML024W	35.0
YML025C	6.0
YML026C	255.717
YML027W	4.0
YML028W	1242.001
YML029W	10.0
YML030W	4.0
YML031C-A	4.934
YML031W	14.066
YML032C	0.0
YML034C-A	3.996
YML034W	1.004
YML035C	12.0
YML036W	4.0
YML037C	0.0
YML038C	7.0
YML041C	1.0
YML042W	3.0
YML043C	3.0
YML046W	0.0
YML047C	0.0
YML047W-A	0.0
YML048W	3.0
YML049C	10.0
YML050W	1.0
YML051W	2.0
YML052W	6.0
YML053C	6.0
YML054C	0.0
YML054C-A	0.0
YML055W	25.0
YML056C	34.275
YML057C-A	1.0
YML057W	8.0
YML058W	46.0
YML058W-A	0.0
YML059C	10.0
YML060W	5.0
YML061C	1.0
YML062C	6.0
YML063W	161.0
YML064C	1.0
YML065W	2.0
YML066C	0.0
YML067C	50.0
YML068W	0.0
YML069W	16.0
YML070W	11.0
YML071C	6.0
YML072C	15.0
YML073C	1739.486
YML074C	188.0
YML075C	19.0
YML076C	1.0
YML077W	4.0
YML078W	32.0
YML079W	26.0
YML080W	5.0
YML081C-A	30.0
YML081W	7.0
YML082W	9.0
YML083C	3.0
YML084W	0.0
YML085C	26.0
YML086C	5.0
YML087C	3.0
YML088W	2.0
YML089C	0.0
YML090W	0.0
YML091C	0.0
YML092C	17.0
YML093W	17.0
YML094C-A	0.0
YML094W	7.0
YML095C	11.0
YML096W	5.0
YML097C	8.0
YML098W	8.0
YML099C	2.564
YML099W-A	1.436
YML100W	4.0
YML100W-A	0.0
YML101C	2.0
YML101C-A	2.85
YML102W	40.15
YML103C	18.0
YML104C	10.0
YML105C	10.0
YML106W	30.0
YML107C	14.0
YML108W	10.0
YML109W	0.0
YML110C	16.0
YML111W	0.0
YML112W	7.0
YML113W	6.0
YML114C	3.0
YML115C	13.0
YML116W	4.0
YML116W-A	0.0
YML117W	16.0
YML118W	1.0
YML119W	3.0
YML120C	1.0
YML121W	3.0
YML122C	0.0
YML123C	86.0
YML124C	2.0
YML125C	99.0
YML126C	9.0
YML127W	0.0
YML128C	0.0
YML129C	17.0
YML130C	2.0
YML131W	4.0
YML132W	26.79
YML133C	0.0
YMR001C	3.0
YMR001C-A	1.0
YMR002W	31.0
YMR003W	3.0
YMR004W	3.0
YMR005W	1.0
YMR006C	6.0
YMR007W	0.0
YMR008C	6.0
YMR009W	8.0
YMR010W	9.0
YMR011W	31.0
YMR012W	2.0
YMR013C	6.0
YMR013C-A	0.0
YMR013W-A	0.0
YMR014W	13.0
YMR015C	6.0
YMR016C	5.0
YMR017W	1.0
YMR018W	0.0
YMR019W	12.0
YMR020W	2.0
YMR021C	10.0
YMR022W	25.0
YMR023C	3.0
YMR024W	16.0
YMR025W	0.0
YMR026C	1.0
YMR027W	12.0
YMR028W	15.0
YMR029C	0.0
YMR030W	0.0
YMR030W-A	4.0
YMR031C	14.0
YMR031W-A	16.0
YMR032W	3.0
YMR033W	12.0
YMR034C	1.0
YMR035W	4.0
YMR036C	0.0
YMR037C	2.0
YMR038C	18.0
YMR039C	20.0
YMR040W	7.0
YMR041C	0.0
YMR042W	7.0
YMR043W	4.0
YMR044W	6.0
YMR046W-A	0.0
YMR047C	7.0
YMR048W	1.0
YMR049C	16.0
YMR052C-A	20.0
YMR052W	10.0
YMR053C	2.0
YMR054W	13.0
YMR055C	6.0
YMR056C	24.0
YMR057C	0.0
YMR058W	21.0
YMR059W	1.0
YMR060C	2.0
YMR061W	4.0
YMR062C	16.0
YMR063W	0.0
YMR064W	12.0
YMR065W	7.0
YMR066W	2.0
YMR067C	2.0
YMR068W	0.0
YMR069W	4.0
YMR070W	2.0
YMR071C	5.0
YMR072W	9.0
YMR073C	2.0
YMR074C	64.0
YMR075C-A	0.0
YMR075W	4.0
YMR076C	1.0
YMR077C	0.0
YMR078C	3.0
YMR079W	21.0
YMR080C	3.0
YMR081C	0.0
YMR082C	0.0
YMR083W	82.0
YMR084W	0.0
YMR085W	0.0
YMR086C-A	0.0
YMR086W	0.0
YMR087W	1.0
YMR088C	7.0
YMR089C	10.0
YMR090W	10.0
YMR091C	13.0
YMR092C	4.0
YMR093W	8.0
YMR094W	0.0
YMR095C	0.0
YMR096W	3.0
YMR097C	7.0
YMR098C	3.0
YMR099C	21.0
YMR100W	5.0
YMR101C	1.0
YMR102C	4.0
YMR103C	2.0
YMR104C	5.0
YMR105C	5.0
YMR105W-A	0.0
YMR106C	3.0
YMR107W	0.0
YMR108W	16.0
YMR109W	10.0
YMR110C	1.0
YMR111C	2.0
YMR112C	66.0
YMR113W	0.0
YMR114C	13.0
YMR115W	9.0
YMR116C	146.0
YMR117C	2.0
YMR118C	5.0
YMR119W	9.0
YMR119W-A	2.0
YMR120C	12.0
YMR121C	13.088
YMR122C	1.0
YMR122W-A	18.0
YMR123W	9.0
YMR124W	1.0
YMR125W	14.0
YMR126C	13.0
YMR127C	2.0
YMR128W	3.0
YMR129W	5.0
YMR130W	1.0
YMR131C	12.0
YMR132C	6.0
YMR133W	5.0
YMR134W	1.0
YMR135C	5.0
YMR135W-A	11.0
YMR136W	3.0
YMR137C	3.0
YMR138W	13.0
YMR139W	2.0
YMR140W	4.0
YMR141C	0.0
YMR141W-A	2.0
YMR142C	1595.0
YMR143W	297.0
YMR144W	1.0
YMR145C	17.0
YMR146C	83.0
YMR147W	0.0
YMR148W	2.0
YMR149W	0.0
YMR150C	0.0
YMR151W	1.0
YMR152W	2.0
YMR153C-A	0.0
YMR153W	6.0
YMR154C	2.0
YMR155W	10.0
YMR156C	12.0
YMR157C	8.0
YMR158C-A	0.0
YMR158W	12.0
YMR158W-B	0.0
YMR159C	1.0
YMR160W	3.0
YMR161W	25.0
YMR162C	3.0
YMR163C	8.0
YMR164C	1.0
YMR165C	16.0
YMR166C	2.0
YMR167W	1.0
YMR168C	0.0
YMR169C	18.73
YMR170C	2.27
YMR171C	9.0
YMR172C-A	0.0
YMR172W	1.0
YMR173W	5.0
YMR173W-A	7.0
YMR174C	3.0
YMR175W	1.0
YMR175W-A	0.0
YMR176W	7.0
YMR177W	14.0
YMR178W	28.0
YMR179W	0.0
YMR180C	4.0
YMR181C	0.0
YMR182C	2.0
YMR182W-A	0.0
YMR183C	11.0
YMR184W	1.0
YMR185W	11.0
YMR186W	132.0
YMR187C	4.0
YMR188C	7.0
YMR189W	14.0
YMR190C	4.0
YMR191W	0.0
YMR192W	1.0
YMR193C-A	76.0
YMR193W	7.0
YMR194C-A	1.0
YMR194C-B	5.0
YMR194W	267.046
YMR195W	13.0
YMR196W	0.0
YMR197C	1.0
YMR198W	2.0
YMR199W	4.0
YMR200W	15.0
YMR201C	1.0
YMR202W	34.0
YMR203W	14.0
YMR204C	2.0
YMR205C	6.0
YMR206W	1.0
YMR207C	1.0
YMR208W	17.0
YMR209C	17.0
YMR210W	11.0
YMR211W	4.0
YMR212C	5.0
YMR213W	1.0
YMR214W	4.0
YMR215W	31.0
YMR216C	13.0
YMR217W	16.0
YMR218C	0.0
YMR219W	0.0
YMR220W	7.0
YMR221C	50.0
YMR222C	2.0
YMR223W	3.0
YMR224C	1.0
YMR225C	31.0
YMR226C	30.0
YMR227C	6.0
YMR228W	8.0
YMR229C	88.0
YMR230W	169.999
YMR230W-A	0.0
YMR231W	1.0
YMR232W	0.0
YMR233W	3.0
YMR234W	3.0
YMR235C	3.0
YMR236W	31.0
YMR237W	3.0
YMR238W	11.0
YMR239C	4.0
YMR240C	10.0
YMR241W	20.0
YMR242C	918.0
YMR242W-A	0.0
YMR243C	15.0
YMR244C-A	0.0
YMR244W	0.0
YMR245W	54.0
YMR246W	57.0
YMR247C	5.0
YMR247W-A	0.0
YMR250W	0.0
YMR251W	0.0
YMR251W-A	110.0
YMR252C	1.0
YMR253C	2.0
YMR254C	1.0
YMR255W	16.0
YMR256C	11.0
YMR257C	1.0
YMR258C	4.0
YMR259C	5.0
YMR260C	70.0
YMR261C	3.0
YMR262W	1.0
YMR263W	9.0
YMR264W	15.0
YMR265C	5.0
YMR266W	1.0
YMR267W	2.0
YMR268C	6.0
YMR269W	25.0
YMR270C	2.0
YMR271C	1.0
YMR272C	12.0
YMR272W-A	0.0
YMR272W-B	0.0
YMR273C	4.0
YMR274C	4.0
YMR275C	2.0
YMR276W	19.0
YMR277W	7.0
YMR278W	2.0
YMR279C	2.0
YMR280C	4.0
YMR281W	9.0
YMR282C	4.0
YMR283C	14.0
YMR284W	1.0
YMR285C	10.0
YMR286W	2.0
YMR287C	1.0
YMR288W	6.0
YMR289W	3.0
YMR290C	4.0
YMR290W-A	16.0
YMR291W	7.0
YMR292W	49.0
YMR293C	5.0
YMR294W	0.0
YMR294W-A	58.152
YMR295C	39.848
YMR296C	19.0
YMR297W	20.0
YMR298W	10.0
YMR299C	10.0
YMR300C	5.0
YMR301C	4.0
YMR302C	5.0
YMR303C	4.107
YMR304C-A	52.0
YMR304W	0.0
YMR305C	17.0
YMR306C-A	0.0
YMR306W	3.0
YMR307C-A	0.0
YMR307W	58.0
YMR308C	11.0
YMR309C	3.0
YMR310C	15.0
YMR311C	1.0
YMR312W	5.0
YMR313C	1.0
YMR314W	51.0
YMR315W	15.0
YMR315W-A	0.0
YMR316C-A	6.0
YMR316C-B	0.0
YMR316W	10.0
YMR317W	2.0
YMR318C	48.0
YMR319C	22.0
YMR320W	0.0
YMR321C	0.0
YMR322C	0.0
YMR323W	0.0
YMR324C	0.0
YMR325W	0.0
YMR326C	0.0
YNL001W	5.0
YNL002C	50.0
YNL003C	16.0
YNL004W	12.0
YNL005C	5.0
YNL006W	7.0
YNL007C	20.0
YNL008C	8.0
YNL009W	7.0
YNL010W	199.0
YNL011C	4.0
YNL012W	0.0
YNL013C	0.0
YNL014W	1.0
YNL015W	0.0
YNL016W	162.0
YNL017C	0.0
YNL018C	1.0
YNL019C	6.0
YNL020C	7.0
YNL021W	1.0
YNL022C	17.0
YNL023C	1.0
YNL024C	9.0
YNL024C-A	8.0
YNL025C	3.0
YNL026W	10.0
YNL027W	5.0
YNL028W	4.0
YNL029C	3.0
YNL030W	301.062
YNL031C	350.0
YNL032W	7.0
YNL033W	1.0
YNL034W	1.0
YNL035C	0.0
YNL036W	19.0
YNL037C	4.0
YNL038W	6.0
YNL039W	3.0
YNL040W	7.0
YNL041C	14.0
YNL042W	5.0
YNL042W-B	0.0
YNL043C	12.051
YNL044W	40.949
YNL045W	5.0
YNL046W	21.0
YNL047C	5.0
YNL048W	2.0
YNL049C	7.0
YNL050C	5.0
YNL051W	0.0
YNL052W	22.0
YNL053W	18.0
YNL054W	8.0
YNL055C	42.0
YNL056W	15.0
YNL057W	8.909
YNL058C	1.091
YNL059C	3.0
YNL061W	1.0
YNL062C	17.0
YNL063W	13.0
YNL064C	29.0
YNL065W	2.0
YNL066W	31.0
YNL067W	45.0
YNL067W-A	0.0
YNL067W-B	0.0
YNL068C	6.0
YNL069C	369.0
YNL070W	13.0
YNL071W	33.0
YNL072W	7.0
YNL073W	1.0
YNL074C	4.0
YNL075W	9.0
YNL076W	3.0
YNL077W	2.0
YNL078W	4.0
YNL079C	27.0
YNL080C	2.0
YNL081C	2.0
YNL082W	3.0
YNL083W	6.0
YNL084C	6.0
YNL085W	8.0
YNL086W	3.0
YNL087W	4.001
YNL088W	25.0
YNL089C	0.0
YNL090W	4.0
YNL091W	45.0
YNL092W	1.0
YNL093W	0.0
YNL094W	8.0
YNL095C	3.0
YNL096C	110.0
YNL097C	2.01
YNL097C-B	0.0
YNL097W-A	0.99
YNL098C	2.0
YNL099C	6.0
YNL100W	2.0
YNL101W	0.0
YNL102W	10.0
YNL103W	1.0
YNL103W-A	0.0
YNL104C	78.0
YNL105W	0.0
YNL106C	1.0
YNL107W	0.0
YNL108C	17.697
YNL109W	1.303
YNL110C	64.0
YNL111C	12.0
YNL112W	22.0
YNL113W	1.019
YNL114C	77.981
YNL115C	1.0
YNL116W	5.0
YNL117W	1.0
YNL118C	27.0
YNL119W	6.491
YNL120C	14.509
YNL121C	14.0
YNL122C	33.0
YNL123W	11.0
YNL124W	0.0
YNL125C	5.0
YNL126W	1.0
YNL127W	5.0
YNL128W	2.0
YNL129W	6.0
YNL130C	28.0
YNL130C-A	0.0
YNL131W	32.0
YNL132W	11.0
YNL133C	8.0
YNL134C	26.0
YNL135C	159.0
YNL136W	9.0
YNL137C	4.0
YNL138W	13.0
YNL138W-A	4.0
YNL139C	0.0
YNL140C	4.0
YNL141W	20.0
YNL142W	0.0
YNL143C	17.0
YNL144C	0.0
YNL144W-A	0.0
YNL145W	0.0
YNL146C-A	0.0
YNL146W	0.0
YNL147W	10.0
YNL148C	5.0
YNL149C	22.033
YNL150W	77.967
YNL151C	8.0
YNL152W	0.0
YNL153C	26.0
YNL154C	16.0
YNL155W	0.0
YNL156C	5.0
YNL157W	4.0
YNL158W	2.0
YNL159C	0.0
YNL160W	9.0
YNL161W	8.0
YNL162W	65.504
YNL162W-A	6.0
YNL163C	7.0
YNL164C	17.0
YNL165W	5.0
YNL166C	5.0
YNL167C	1.0
YNL168C	20.0
YNL169C	9.38
YNL170W	9.62
YNL171C	0.0
YNL172W	0.0
YNL173C	3.0
YNL174W	13.892
YNL175C	1.108
YNL176C	4.0
YNL177C	41.0
YNL178W	3028.811
YNL179C	9.0
YNL180C	6.0
YNL181W	3.0
YNL182C	8.0
YNL183C	3.0
YNL184C	20.956
YNL185C	4.044
YNL186W	5.0
YNL187W	0.0
YNL188W	1.0
YNL189W	24.0
YNL190W	17.0
YNL191W	0.0
YNL192W	2.0
YNL193W	4.0
YNL194C	0.0
YNL195C	8.0
YNL196C	5.0
YNL197C	5.0
YNL198C	5.0
YNL199C	3.0
YNL200C	2.0
YNL201C	0.0
YNL202W	0.0
YNL203C	3.0
YNL204C	0.0
YNL205C	0.0
YNL206C	7.0
YNL207W	12.0
YNL208W	154.0
YNL209W	142.487
YNL210W	48.0
YNL211C	6.0
YNL212W	32.0
YNL213C	15.0
YNL214W	6.0
YNL215W	20.0
YNL216W	3.0
YNL217W	8.0
YNL218W	4.0
YNL219C	0.0
YNL220W	20.0
YNL221C	9.0
YNL222W	12.0
YNL223W	8.0
YNL224C	4.0
YNL225C	0.0
YNL226W	5.97
YNL227C	8.03
YNL228W	0.0
YNL229C	6.0
YNL230C	0.0
YNL231C	8.0
YNL232W	13.0
YNL233W	6.0
YNL234W	0.0
YNL235C	7.0
YNL236W	15.0
YNL237W	4.0
YNL238W	2.0
YNL239W	11.0
YNL240C	19.0
YNL241C	8.0
YNL242W	1.0
YNL243W	6.0
YNL244C	41.0
YNL245C	20.0
YNL246W	44.0
YNL247W	12.0
YNL248C	14.0
YNL249C	4.0
YNL250W	0.0
YNL251C	17.0
YNL252C	6.0
YNL253W	1.0
YNL254C	6.0
YNL255C	36.0
YNL256W	8.0
YNL257C	5.0
YNL258C	15.0
YNL259C	3.0
YNL260C	4.0
YNL261W	4.0
YNL262W	12.0
YNL263C	1.0
YNL264C	13.0
YNL265C	5.0
YNL266W	0.0
YNL267W	3.0
YNL268W	11.0
YNL269W	1.0
YNL270C	0.0
YNL271C	4.0
YNL272C	0.0
YNL273W	2.0
YNL274C	5.0
YNL275W	12.0
YNL276C	0.0
YNL277W	7.0
YNL277W-A	0.0
YNL278W	1.0
YNL279W	1.0
YNL280C	21.0
YNL281W	2.0
YNL282W	1.0
YNL283C	15.0
YNL284C	37.0
YNL285W	0.0
YNL286W	2.0
YNL287W	4.0
YNL288W	5.0
YNL289W	9.0
YNL290W	6.0
YNL291C	1.0
YNL292W	5.0
YNL293W	6.0
YNL294C	12.0
YNL295W	1.0
YNL296W	0.0
YNL297C	8.0
YNL298W	1.0
YNL299W	7.0
YNL300W	13.0
YNL301C	292.457
YNL302C	583.999
YNL303W	117.0
YNL304W	1.0
YNL305C	6.0
YNL306W	5.0
YNL307C	7.0
YNL308C	221.0
YNL309W	1.0
YNL310C	8.0
YNL311C	3.0
YNL312W	17.0
YNL313C	3.0
YNL314W	4.0
YNL315C	1.0
YNL316C	1.0
YNL317W	6.0
YNL318C	0.0
YNL319W	5.0
YNL320W	11.0
YNL321W	2.0
YNL322C	11.0
YNL323W	8.0
YNL324W	0.0
YNL325C	0.0
YNL326C	1.0
YNL327W	33.0
YNL328C	0.0
YNL329C	3.0
YNL330C	8.0
YNL331C	16.0
YNL332W	0.0
YNL333W	0.5
YNL334C	1.5
YNL335W	0.0
YNL336W	0.0
YNL337W	0.0
YNL338W	0.0
YNL339C	0.0
YNR001C	27.0
YNR001W-A	0.0
YNR002C	3.0
YNR003C	12.0
YNR003W-A	0.0
YNR004W	1.0
YNR005C	1.0
YNR006W	1.0
YNR007C	4.0
YNR008W	3.0
YNR009W	2.0
YNR010W	5.0
YNR011C	6.0
YNR012W	3.0
YNR013C	30.0
YNR014W	0.0
YNR015W	7.0
YNR016C	33.0
YNR017W	15.0
YNR018W	31.0
YNR019W	3.0
YNR020C	19.0
YNR021W	14.0
YNR022C	7.0
YNR023W	2.0
YNR024W	30.927
YNR025C	27.073
YNR026C	3.0
YNR027W	2.0
YNR028W	7.0
YNR029C	9.0
YNR030W	14.0
YNR031C	8.0
YNR032C-A	26.0
YNR032W	14.0
YNR033W	3.0
YNR034W	6.0
YNR034W-A	1.0
YNR035C	16.0
YNR036C	6.0
YNR037C	3.0
YNR038W	9.0
YNR039C	1.0
YNR040W	10.0
YNR041C	4.419
YNR042W	4.581
YNR043W	33.0
YNR044W	2.0
YNR045W	4.0
YNR046W	41.0
YNR047W	3.0
YNR048W	1.0
YNR049C	7.0
YNR050C	13.0
YNR051C	7.0
YNR052C	12.0
YNR053C	16.0
YNR054C	30.0
YNR055C	7.0
YNR056C	1.0
YNR057C	3.0
YNR058W	0.0
YNR059W	5.0
YNR060W	1.0
YNR061C	27.0
YNR062C	0.0
YNR063W	3.0
YNR064C	11.0
YNR065C	1.0
YNR066C	0.0
YNR067C	14.0
YNR068C	0.0
YNR069C	0.0
YNR070W	3.0
YNR071C	1.0
YNR072W	0.0
YNR073C	3.0
YNR074C	0.0
YNR075C-A	0.0
YNR075W	4.0
YNR076W	0.0
YNR077C	0.0
YOL001W	3.0
YOL002C	36.0
YOL003C	5.0
YOL004W	2.0
YOL005C	25.0
YOL006C	16.0
YOL007C	4.0
YOL008W	2.0
YOL009C	2.0
YOL010W	20.0
YOL011W	1.0
YOL012C	21.0
YOL013C	3.0
YOL013W-A	0.0
YOL013W-B	0.0
YOL014W	3.0
YOL015W	0.0
YOL016C	22.0
YOL017W	1.0
YOL018C	5.0
YOL019W	3.0
YOL019W-A	0.0
YOL020W	8.0
YOL021C	14.0
YOL022C	4.0
YOL023W	0.0
YOL024W	0.0
YOL025W	0.0
YOL026C	19.0
YOL027C	0.0
YOL028C	4.0
YOL029C	1.0
YOL030W	7.0
YOL031C	6.0
YOL032W	1.0
YOL033W	2.0
YOL034W	7.0
YOL035C	0.0
YOL036W	2.0
YOL037C	0.0
YOL038C-A	0.0
YOL038W	48.0
YOL039W	762.0
YOL040C	143.373
YOL041C	9.0
YOL042W	0.0
YOL043C	2.0
YOL044W	3.0
YOL045W	2.0
YOL046C	0.0
YOL047C	2.0
YOL048C	6.0
YOL049W	4.0
YOL050C	0.0
YOL051W	3.0
YOL052C	1.0
YOL052C-A	0.0
YOL053W	11.0
YOL054W	2.0
YOL055C	4.0
YOL056W	0.0
YOL057W	8.0
YOL058W	71.0
YOL059W	26.0
YOL060C	2.0
YOL061W	28.0
YOL062C	8.0
YOL063C	3.0
YOL064C	10.0
YOL065C	2.0
YOL066C	1.0
YOL067C	7.0
YOL068C	15.0
YOL069W	0.0
YOL070C	5.0
YOL071W	8.0
YOL072W	1.0
YOL073C	1.0
YOL075C	2.0
YOL076W	2.0
YOL077C	43.0
YOL077W-A	5.0
YOL078W	7.0
YOL079W	4.953
YOL080C	2.047
YOL081W	4.0
YOL082W	2.0
YOL083C-A	0.0
YOL083W	3.0
YOL084W	0.0
YOL085C	0.0
YOL085W-A	0.0
YOL086C	2719.881
YOL086W-A	0.0
YOL087C	3.0
YOL088C	3.0
YOL089C	1.0
YOL090W	1.0
YOL091W	2.0
YOL092W	24.0
YOL093W	5.0
YOL094C	3.0
YOL095C	0.0
YOL096C	1.0
YOL097C	41.0
YOL097W-A	0.0
YOL098C	11.0
YOL099C	0.0
YOL100W	4.0
YOL101C	10.0
YOL102C	5.0
YOL103W	6.0
YOL104C	0.0
YOL105C	2.0
YOL106W	1.0
YOL107W	4.0
YOL108C	6.0
YOL109W	12.0
YOL110W	8.0
YOL111C	11.0
YOL112W	16.0
YOL113W	4.0
YOL114C	0.0
YOL115W	8.0
YOL116W	5.0
YOL117W	2.0
YOL118C	5.0
YOL119C	26.0
YOL120C	1425.191
YOL121C	843.882
YOL122C	13.0
YOL123W	14.0
YOL124C	24.0
YOL125W	2.0
YOL126C	4.0
YOL127W	261.0
YOL128C	11.0
YOL129W	92.0
YOL130W	0.0
YOL131W	0.0
YOL132W	5.0
YOL133W	0.0
YOL134C	43.0
YOL135C	9.0
YOL136C	9.0
YOL137W	11.0
YOL138C	13.0
YOL139C	32.0
YOL140W	3.0
YOL141W	0.0
YOL142W	4.0
YOL143C	22.0
YOL144W	3.0
YOL145C	5.0
YOL146W	0.0
YOL147C	14.0
YOL148C	0.0
YOL149W	0.0
YOL150C	0.0
YOL151W	2.0
YOL152W	2.0
YOL154W	2.0
YOL155C	0.0
YOL155W-A	0.0
YOL156W	1.0
YOL157C	1.5
YOL158C	6.0
YOL159C	4.0
YOL159C-A	6.0
YOL160W	0.0
YOL161C	0.0
YOL162W	0.0
YOL163W	0.0
YOL164W	9.0
YOL164W-A	0.0
YOL165C	0.0
YOL166C	0.0
YOL166W-A	0.0
YOR001W	5.0
YOR002W	2.0
YOR003W	15.0
YOR004W	10.0
YOR005C	4.0
YOR006C	8.0
YOR007C	31.0
YOR008C	0.0
YOR008C-A	0.0
YOR008W-B	0.0
YOR009W	0.0
YOR010C	2.0
YOR011W	1.0
YOR011W-A	0.0
YOR012W	5.437
YOR013W	21.563
YOR014W	1.0
YOR015W	0.0
YOR016C	16.0
YOR017W	0.0
YOR018W	14.0
YOR019W	11.0
YOR020C	32.0
YOR020W-A	6.0
YOR021C	12.0
YOR022C	1.0
YOR023C	5.0
YOR024W	0.0
YOR025W	11.0
YOR026W	13.0
YOR027W	15.0
YOR028C	1.0
YOR029W	0.0
YOR030W	2.0
YOR032C	6.0
YOR032W-A	0.0
YOR033C	5.0
YOR034C	11.0
YOR034C-A	0.0
YOR035C	6.0
YOR036W	5.0
YOR037W	1.0
YOR038C	2.0
YOR039W	9.0
YOR040W	0.0
YOR041C	25.967
YOR042W	3.033
YOR043W	25.0
YOR044W	1.0
YOR045W	28.0
YOR046C	26.0
YOR047C	8.0
YOR048C	8.0
YOR049C	1.0
YOR050C	0.0
YOR051C	2.0
YOR052C	1.0
YOR053W	0.0
YOR054C	2.0
YOR055W	0.0
YOR056C	17.0
YOR057W	1.0
YOR058C	2.0
YOR059C	0.0
YOR060C	1.0
YOR061W	19.0
YOR062C	2.0
YOR063W	966.856
YOR064C	11.0
YOR065W	5.0
YOR066W	0.0
YOR067C	8.0
YOR068C	0.0
YOR069W	7.0
YOR070C	8.0
YOR071C	2.0
YOR072W	0.0
YOR072W-A	0.0
YOR072W-B	0.0
YOR073W	2.0
YOR073W-A	6.989
YOR074C	2.011
YOR075W	11.0
YOR076C	0.0
YOR077W	0.0
YOR078W	13.0
YOR079C	5.0
YOR080W	1.0
YOR081C	1.0
YOR082C	2.0
YOR083W	4.0
YOR084W	3.0
YOR085W	14.0
YOR086C	1.0
YOR087W	1.0
YOR089C	0.0
YOR090C	2.0
YOR091W	30.0
YOR092W	11.0
YOR093C	2.0
YOR094W	3.0
YOR095C	13.0
YOR096W	411.101
YOR097C	13.0
YOR098C	7.0
YOR099W	4.0
YOR100C	2.0
YOR101W	10.0
YOR102W	33.721
YOR103C	68.279
YOR104W	4.0
YOR105W	0.0
YOR106W	1.0
YOR107W	1.0
YOR108C-A	1.736
YOR108W	20.264
YOR109W	7.0
YOR110W	0.0
YOR111W	5.0
YOR112W	2.0
YOR113W	0.0
YOR114W	0.0
YOR115C	10.0
YOR116C	7.0
YOR117W	10.0
YOR118W	2.0
YOR119C	8.0
YOR120W	0.0
YOR121C	1.0
YOR122C	732.0
YOR123C	2.0
YOR124C	4.0
YOR125C	6.0
YOR126C	9.0
YOR127W	2.0
YOR128C	7.0
YOR129C	5.0
YOR130C	12.0
YOR131C	5.0
YOR132W	1.0
YOR133W	19.303
YOR134W	4.0
YOR135C	24.892
YOR136W	12.108
YOR137C	1.0
YOR138C	5.0
YOR139C	0.0
YOR140W	9.0
YOR141C	5.0
YOR142W	2.0
YOR143C	7.0
YOR144C	0.0
YOR145C	5.444
YOR146W	8.556
YOR147W	4.0
YOR148C	8.0
YOR149C	6.0
YOR150W	27.0
YOR151C	27.0
YOR152C	2.0
YOR153W	16.0
YOR154W	0.0
YOR155C	6.0
YOR156C	2.0
YOR157C	34.0
YOR158W	4.0
YOR159C	8.0
YOR160W	2.0
YOR161C	1.0
YOR161C-C	0.0
YOR161W-A	0.0
YOR161W-B	0.0
YOR162C	9.0
YOR163W	25.0
YOR164C	12.0
YOR165W	8.0
YOR166C	1.0
YOR167C	111.0
YOR168W	4.0
YOR169C	1.0
YOR170W	0.0
YOR171C	1.0
YOR172W	0.0
YOR173W	1.0
YOR174W	10.0
YOR175C	11.0
YOR176W	2.0
YOR177C	1.0
YOR178C	6.0
YOR179C	2.0
YOR180C	0.0
YOR181W	3.0
YOR182C	273.002
YOR183W	0.0
YOR184W	7.0
YOR185C	5.0
YOR186C-A	0.0
YOR186W	2.0
YOR187W	15.0
YOR188W	17.0
YOR189W	6.0
YOR190W	2.0
YOR191W	1.0
YOR192C	0.0
YOR192C-C	2.0
YOR193W	11.0
YOR194C	75.0
YOR195W	3.0
YOR196C	4.0
YOR197W	16.0
YOR198C	5.0
YOR199W	17.0
YOR200W	1.599
YOR201C	11.401
YOR202W	53.0
YOR203W	51.0
YOR204W	6.0
YOR205C	2.0
YOR206W	10.0
YOR207C	7.0
YOR208W	1.0
YOR209C	4.0
YOR210W	11.0
YOR211C	6.0
YOR212W	18.0
YOR213C	8.0
YOR214C	0.0
YOR215C	9.0
YOR216C	1.0
YOR217W	8.0
YOR218C	0.0
YOR219C	2.0
YOR220W	5.0
YOR221C	5.0
YOR222W	14.0
YOR223W	2.0
YOR224C	90.0
YOR225W	43.0
YOR226C	16.0
YOR227W	3.0
YOR228C	2.0
YOR229W	5.0
YOR230W	39.0
YOR231C-A	0.0
YOR231W	0.0
YOR232W	13.0
YOR233W	0.0
YOR234C	366.0
YOR235W	0.0
YOR236W	5.0
YOR237W	0.0
YOR238W	4.0
YOR239W	32.0
YOR241W	18.0
YOR242C	0.0
YOR243C	12.0
YOR244W	5.0
YOR245C	2.0
YOR246C	17.0
YOR247W	8.0
YOR248W	0.0
YOR249C	0.0
YOR250C	5.0
YOR251C	7.0
YOR252W	29.0
YOR253W	30.0
YOR254C	28.0
YOR255W	0.0
YOR256C	0.0
YOR257W	2.0
YOR258W	6.0
YOR259C	28.0
YOR260W	20.0
YOR261C	4.0
YOR262W	11.0
YOR263C	7.863
YOR264W	10.137
YOR265W	12.0
YOR266W	2.0
YOR267C	18.0
YOR268C	0.0
YOR269W	3.0
YOR270C	9.0
YOR271C	12.0
YOR272W	25.0
YOR273C	3.0
YOR274W	4.0
YOR275C	1.0
YOR276W	8.33
YOR277C	3.67
YOR278W	3.0
YOR279C	7.0
YOR280C	4.0
YOR281C	2.001
YOR282W	43.999
YOR283W	3.0
YOR284W	5.0
YOR285W	34.0
YOR286W	28.0
YOR287C	6.0
YOR288C	3.0
YOR289W	3.0
YOR290C	10.0
YOR291W	2.0
YOR292C	1.0
YOR293C-A	0.0
YOR293W	828.0
YOR294W	2.0
YOR295W	2.0
YOR296W	2.0
YOR297C	17.0
YOR298C-A	23.0
YOR298W	1.0
YOR299W	6.0
YOR300W	0.0
YOR301W	18.0
YOR302W	0.0
YOR303W	33.0
YOR304C-A	22.0
YOR304W	6.0
YOR305W	2.0
YOR306C	1.0
YOR307C	0.0
YOR308C	7.0
YOR309C	103.089
YOR310C	77.911
YOR311C	12.0
YOR312C	244.0
YOR313C	1.0
YOR314W	2.0
YOR314W-A	0.0
YOR315W	6.0
YOR316C	6.0
YOR316C-A	0.0
YOR317W	12.0
YOR318C	2.0
YOR319W	1.0
YOR320C	5.0
YOR321W	20.0
YOR322C	5.0
YOR323C	22.0
YOR324C	0.0
YOR325W	0.0
YOR326W	5.0
YOR327C	50.0
YOR328W	6.0
YOR329C	0.0
YOR329W-A	0.0
YOR330C	0.0
YOR331C	296.479
YOR332W	27.521
YOR333C	4.0
YOR334W	0.0
YOR335C	15.0
YOR335W-A	0.0
YOR336W	10.0
YOR337W	11.0
YOR338W	0.0
YOR339C	0.0
YOR340C	2.0
YOR341W	2.0
YOR342C	13.0
YOR343C	0.0
YOR344C	6.0
YOR345C	0.0
YOR346W	8.0
YOR347C	1.0
YOR348C	1.0
YOR349W	3.0
YOR350C	2.0
YOR351C	0.0
YOR352W	2.0
YOR353C	0.0
YOR354C	15.0
YOR355W	6.0
YOR356W	14.0
YOR357C	0.0
YOR358W	6.0
YOR359W	7.0
YOR360C	3.0
YOR361C	61.0
YOR362C	35.0
YOR363C	4.0
YOR364W	0.0
YOR365C	3.0
YOR366W	0.0
YOR367W	2.0
YOR368W	7.0
YOR369C	503.0
YOR370C	17.0
YOR371C	9.0
YOR372C	0.0
YOR373W	14.0
YOR374W	12.0
YOR375C	19.0
YOR376W	0.0
YOR376W-A	0.0
YOR377W	0.0
YOR378W	0.0
YOR379C	0.0
YOR380W	1.0
YOR381W	2.0
YOR381W-A	0.0
YOR382W	1.0
YOR383C	1.0
YOR384W	1.0
YOR385W	2.0
YOR386W	0.0
YOR387C	1.0
YOR388C	0.0
YOR389W	0.0
YOR390W	5.702
YOR391C	0.0
YOR392W	0.0
YOR393W	0.0
YOR394C-A	0.0
YOR394W	0.0
YPL001W	1.0
YPL002C	4.0
YPL003W	4.0
YPL004C	43.0
YPL005W	1.0
YPL006W	3.0
YPL007C	0.0
YPL008W	1.0
YPL009C	1.0
YPL010W	20.0
YPL011C	7.0
YPL012W	2.0
YPL013C	41.0
YPL014W	9.0
YPL015C	26.0
YPL016W	2.0
YPL017C	1.0
YPL018W	0.0
YPL019C	14.0
YPL020C	6.0
YPL021W	0.0
YPL022W	0.0
YPL023C	4.0
YPL024W	5.0
YPL025C	0.0
YPL026C	5.0
YPL027W	0.0
YPL028W	179.0
YPL029W	1.0
YPL030W	0.0
YPL031C	7.0
YPL032C	2.0
YPL033C	0.0
YPL034W	0.0
YPL035C	0.0
YPL036W	1.0
YPL037C	431.0
YPL038W	10.0
YPL038W-A	13.0
YPL039W	11.0
YPL040C	0.0
YPL041C	2.0
YPL042C	5.0
YPL043W	4.0
YPL044C	0.0
YPL045W	4.0
YPL046C	3.0
YPL047W	1.0
YPL048W	19.0
YPL049C	8.0
YPL050C	18.0
YPL051W	2.0
YPL052W	1.0
YPL053C	24.0
YPL054W	1.0
YPL055C	13.0
YPL056C	2.0
YPL057C	6.0
YPL058C	3.0
YPL059W	62.0
YPL060W	0.0
YPL061W	53.0
YPL062W	0.0
YPL063W	8.0
YPL064C	0.0
YPL065W	4.0
YPL066W	3.0
YPL067C	6.0
YPL068C	0.0
YPL069C	5.0
YPL070W	1.0
YPL071C	0.0
YPL072W	6.0
YPL073C	0.0
YPL074W	2.0
YPL075W	17.0
YPL076W	4.0
YPL077C	7.0
YPL078C	15.0
YPL079W	168.0
YPL080C	0.0
YPL081W	126.0
YPL082C	8.0
YPL083C	4.0
YPL084W	2.0
YPL085W	0.0
YPL086C	6.0
YPL087W	4.0
YPL088W	0.0
YPL089C	5.0
YPL090C	1137.762
YPL091W	48.0
YPL092W	13.0
YPL093W	32.0
YPL094C	219.0
YPL095C	16.0
YPL096C-A	1.0
YPL096W	5.0
YPL097W	10.0
YPL098C	21.0
YPL099C	8.0
YPL100W	1.0
YPL101W	10.0
YPL102C	18.0
YPL103C	10.0
YPL104W	5.0
YPL105C	15.0
YPL106C	17.0
YPL107W	10.0
YPL108W	11.0
YPL109C	2.0
YPL110C	6.0
YPL111W	2.0
YPL112C	4.0
YPL113C	4.0
YPL114W	0.0
YPL115C	8.0
YPL116W	1.0
YPL117C	15.0
YPL118W	2.0
YPL119C	2.0
YPL119C-A	0.0
YPL120W	2.0
YPL121C	0.0
YPL122C	7.0
YPL123C	2.0
YPL124W	4.0
YPL125W	4.0
YPL126W	0.0
YPL127C	8.0
YPL128C	1.0
YPL129W	17.0
YPL130W	0.0
YPL131W	390.0
YPL132W	4.0
YPL133C	4.0
YPL134C	4.0
YPL135C-A	1.752
YPL135W	18.248
YPL136W	0.0
YPL137C	3.0
YPL138C	1.0
YPL139C	2.0
YPL140C	1.0
YPL141C	2.0
YPL142C	51.5
YPL143W	615.355
YPL144W	17.0
YPL145C	4.0
YPL146C	2.0
YPL147W	1.0
YPL148C	3.0
YPL149W	1.0
YPL150W	0.0
YPL151C	2.0
YPL152W	5.0
YPL152W-A	0.0
YPL153C	3.0
YPL154C	10.0
YPL155C	10.0
YPL156C	15.0
YPL157W	11.0
YPL158C	19.0
YPL159C	0.0
YPL160W	34.0
YPL161C	2.0
YPL162C	0.0
YPL163C	18.0
YPL164C	0.0
YPL165C	0.0
YPL166W	1.0
YPL167C	1.0
YPL168W	0.0
YPL169C	7.0
YPL170W	4.0
YPL171C	6.0
YPL172C	2.0
YPL173W	9.0
YPL174C	4.0
YPL175W	7.0
YPL176C	7.0
YPL177C	3.0
YPL178W	2.0
YPL179W	5.0
YPL180W	9.0
YPL181W	0.0
YPL182C	1.0
YPL183C	7.0
YPL183W-A	7.0
YPL184C	1.0
YPL185W	1.0
YPL186C	2.0
YPL187W	0.0
YPL188W	1.0
YPL189C-A	6.0
YPL189W	1.0
YPL190C	12.0
YPL191C	2.0
YPL192C	1.0
YPL193W	1.0
YPL194W	0.0
YPL195W	4.0
YPL196W	1.0
YPL197C	38.462
YPL198W	545.277
YPL199C	4.0
YPL200W	0.0
YPL201C	1.0
YPL202C	4.0
YPL203W	0.0
YPL204W	6.0
YPL205C	6.0
YPL206C	12.0
YPL207W	1.0
YPL208W	12.0
YPL209C	1.0
YPL210C	19.0
YPL211W	48.0
YPL212C	64.0
YPL213W	4.0
YPL214C	0.0
YPL215W	17.0
YPL216W	14.0
YPL217C	7.0
YPL218W	379.0
YPL219W	3.0
YPL220W	192.113
YPL221W	4.0
YPL222C-A	0.0
YPL222W	2.0
YPL223C	1.0
YPL224C	5.0
YPL225W	30.0
YPL226W	22.0
YPL227C	3.0
YPL228W	7.0
YPL229W	3.0
YPL230W	2.0
YPL231W	54.0
YPL232W	6.0
YPL233W	2.0
YPL234C	241.0
YPL235W	14.0
YPL236C	4.0
YPL237W	6.808
YPL238C	24.192
YPL239W	3.0
YPL240C	3.0
YPL241C	13.0
YPL242C	2.0
YPL243W	62.0
YPL244C	7.0
YPL245W	0.0
YPL246C	16.0
YPL247C	4.0
YPL248C	10.0
YPL249C	0.0
YPL249C-A	745.0
YPL250C	3.0
YPL250W-A	0.0
YPL251W	13.906
YPL252C	2.094
YPL253C	1.0
YPL254W	10.0
YPL255W	5.0
YPL256C	5.0
YPL257W	0.0
YPL258C	2.0
YPL259C	7.0
YPL260W	1.0
YPL261C	20.0
YPL262W	27.0
YPL263C	1.0
YPL264C	2.0
YPL265W	1.0
YPL266W	5.0
YPL267W	4.0
YPL268W	5.0
YPL269W	4.0
YPL270W	5.0
YPL271W	45.011
YPL272C	0.0
YPL273W	20.0
YPL274W	21.0
YPL275W	0.0
YPL276W	0.0
YPL277C	1.0
YPL278C	0.0
YPL279C	2.298
YPL280W	0.0
YPR001W	5.0
YPR002C-A	7.0
YPR002W	3.0
YPR003C	0.0
YPR004C	15.0
YPR005C	2.0
YPR006C	16.0
YPR007C	0.0
YPR008W	1.0
YPR009W	1.0
YPR010C	35.0
YPR010C-A	0.0
YPR011C	9.0
YPR012W	4.0
YPR013C	5.0
YPR014C	0.0
YPR015C	2.0
YPR016C	5.0
YPR016W-A	17.0
YPR017C	10.0
YPR018W	39.0
YPR019W	5.0
YPR020W	16.0
YPR021C	2.0
YPR022C	4.0
YPR023C	18.0
YPR024W	21.0
YPR025C	0.0
YPR026W	2.0
YPR027C	1.0
YPR028W	89.0
YPR029C	6.0
YPR030W	7.0
YPR031W	1.0
YPR032W	1.0
YPR033C	58.0
YPR034W	2.0
YPR035W	39.0
YPR036W	38.0
YPR036W-A	41.0
YPR037C	9.096
YPR038W	101.904
YPR039W	0.0
YPR040W	3.0
YPR041W	61.0
YPR042C	0.0
YPR043W	104.501
YPR044C	894.634
YPR045C	5.0
YPR046W	2.0
YPR047W	0.0
YPR048W	4.0
YPR049C	1.0
YPR050C	19.556
YPR051W	11.444
YPR052C	35.574
YPR053C	282.426
YPR054W	3.0
YPR055W	5.0
YPR056W	13.0
YPR057W	8.0
YPR058W	101.0
YPR059C	0.0
YPR060C	9.0
YPR061C	2.0
YPR062W	283.0
YPR063C	63.0
YPR064W	1.0
YPR065W	2.0
YPR066W	2.0
YPR067W	1.0
YPR068C	5.0
YPR069C	18.0
YPR070W	1.0
YPR071W	1.0
YPR072W	6.0
YPR073C	2.0
YPR074C	60.0
YPR074W-A	0.0
YPR075C	0.0
YPR076W	0.0
YPR077C	0.0
YPR078C	1.0
YPR079W	6.0
YPR080W	417.743
YPR081C	0.0
YPR082C	39.0
YPR083W	4.0
YPR084W	0.0
YPR085C	7.0
YPR086W	3.0
YPR087W	1.0
YPR088C	15.0
YPR089W	1.0
YPR091C	14.0
YPR092W	4.0
YPR093C	5.0
YPR094W	2.0
YPR095C	8.0
YPR096C	0.0
YPR097W	18.0
YPR098C	63.0
YPR099C	9.0
YPR100W	0.0
YPR101W	39.0
YPR102C	198.386
YPR103W	40.0
YPR104C	4.0
YPR105C	10.0
YPR106W	36.0
YPR107C	2.0
YPR108W	24.0
YPR108W-A	0.0
YPR109W	8.0
YPR110C	35.0
YPR111W	3.0
YPR112C	89.0
YPR113W	13.0
YPR114W	19.0
YPR115W	0.0
YPR116W	1.0
YPR117W	0.0
YPR118W	21.0
YPR119W	2.0
YPR120C	3.0
YPR121W	5.0
YPR122W	6.0
YPR123C	0.0
YPR124W	12.0
YPR125W	26.0
YPR126C	1.0
YPR127W	10.0
YPR128C	5.0
YPR129W	2.0
YPR130C	1.0
YPR131C	10.0
YPR132W	802.671
YPR133C	3.0
YPR133W-A	11.0
YPR134W	6.0
YPR135W	11.0
YPR136C	0.85
YPR137W	1.15
YPR138C	4.0
YPR139C	12.0
YPR140W	2.0
YPR141C	1.0
YPR142C	132.87
YPR143W	7.13
YPR144C	13.0
YPR145C-A	3.0
YPR145W	73.0
YPR146C	4.0
YPR147C	2.0
YPR148C	8.0
YPR149W	35.0
YPR150W	0.0
YPR151C	0.0
YPR152C	4.0
YPR153W	0.0
YPR154W	13.0
YPR155C	5.0
YPR156C	4.975
YPR157W	1.0
YPR158W	0.0
YPR159C-A	0.0
YPR159W	2.0
YPR160C-A	0.0
YPR160W	0.0
YPR160W-A	0.0
YPR161C	5.0
YPR162C	9.0
YPR163C	54.0
YPR164W	2.0
YPR165W	24.0
YPR166C	16.0
YPR167C	11.0
YPR168W	5.0
YPR169W	11.0
YPR169W-A	6.334
YPR170C	396.0
YPR170W-A	0.0
YPR170W-B	77.666
YPR171W	3.0
YPR172W	8.0
YPR173C	22.0
YPR174C	1.0
YPR175W	1.0
YPR176C	7.0
YPR177C	0.0
YPR178W	1.0
YPR179C	3.0
YPR180W	9.0
YPR181C	8.0
YPR182W	10.0
YPR183W	28.0
YPR184W	1.0
YPR185W	0.0
YPR186C	6.0
YPR187W	221.0
YPR188C	12.0
YPR189W	6.0
YPR190C	1.0
YPR191W	62.0
YPR192W	6.0
YPR193C	0.0
YPR194C	0.0
YPR195C	9.0
YPR196W	3.0
YPR197C	25.992
YPR198W	1.008
YPR199C	18.0
YPR200C	0.0
YPR201W	1.0
YPR202W	2.0
YPR203W	0.0
YPR204W	12.184
